nome,nome_chiave,eta,ruolo,ruolo_dettaglio,squadra,nazione_squadra,nazione_giocatore,instagram_followers,facebook_followers,twitter_followers,insta_likes_avg,google_hits,google_hits_1,wiki_visual,insta_hashtag,GER_kicker,GER_bild_G,GER_eurosport_G,ITA_corriere,ITA_sky_G,ITA_gazzetta_G,ENG_thesun,ENG_sky_G,ENG_guardian_G,SPA_marca,SPA_as_G,SPA_mundodep_G,FRA_francefootball_G,FRA_lequipe_G,FRA_eurosport_G,FRA_le10sport_G,INT_eurosport_G,INT_espn_G,INT_bein_G,pres_2018_tot,goal_2018_tot,assist_2018_tot,pres_2018_CL,goal_2018_CL,assist_2018_CL,pres_2017_tot,goal_2017_tot,assist_2017_tot,pres_2017_CL,goal_2017_CL,assist_2017_CL,pres_tot,goal_tot,assist_tot,pres_tot_CL,goal_tot_CL,assist_tot_CL,whoscored1819,valore
Kylian Mbappé,Mbappé,19,Attaccante,Ala destra,FC Paris Saint-Germain,Francia,Francia,24019703,1639467,2252200,1350439,15400000,65300000,6854994,519562,282,1460,771,658,10200,5580,1764,4430,639,571,40100,3130,19500,45800,19400,39000,11100,7200,6280,19,16,10,6,3,4,46,21,15,8,4,3,124,64,42,23,13,7,7.96,180000000
Neymar,Neymar,26,Attaccante,Ala sinistra,FC Paris Saint-Germain,Francia,Brasile,107716768,60699722,41636656,1570715,133000000,184000000,6094579,6752846,1289,8230,11300,2300,9310,11900,3788,4940,3300,7039,73600,93100,23700,57800,11200,36300,21600,22800,17300,19,16,8,6,5,2,30,28,16,7,6,3,369,219,135,53,32,23,8.41,180000000
Leo Messi,Messi,31,Attaccante,Ala destra,FC Barcellona,Spagna,Argentina,103764191,89898268,,3484000,105000000,385000000,11563642,10278373,2595,7740,2450,5413,7010,34300,4404,4450,5860,23322,224000,127000,21900,52100,14000,35900,25100,35700,20700,20,21,13,4,6,1,54,45,18,10,6,2,657,573,229,129,106,28,8.71,180000000
Mohamed Salah,Salah,26,Attaccante,Ala destra,FC Liverpool,Inghilterra,Egitto,21661975,11016135,7457524,1260164,58600000,544000000,6538061,1454287,552,1440,616,2155,13700,4470,2416,28900,1960,457,17900,1500,1080,7120,7010,8030,6930,21100,5140,25,14,6,6,3,0,52,44,16,13,10,5,328,135,77,34,16,6,7.61,150000000
Harry Kane,Kane,25,Attaccante,Punta centrale,Tottenham Hotspur,Inghilterra,Inghilterra,7389999,1660408,2453183,176495.6,64100000,279000000,5013018,156619,313,546,979,231,400,2940,4805,11100,8370,275,8000,64500,799,1510,965,1180,8940,3980,2700,25,15,5,6,4,1,48,41,5,7,7,2,317,182,43,16,13,3,7.32,150000000
Antoine Griezmann,Griezmann,27,Attaccante,Punta centrale,Atlético de Madrid,Spagna,Francia,22858764,7657796,5830632,804463.4,17600000,35100000,3221342,591214,594,1020,1100,826,1510,1190,1597,2560,987,3361,50700,9050,21200,46800,15400,4550,8240,18000,11500,24,11,7,6,4,2,49,29,15,6,2,2,435,175,65,52,21,7,7.24,150000000
Kevin De Bruyne,De Bruyne,27,Centrocampista,Trequartista,Manchester City,Inghilterra,Belgio,7413980,3311435,1634410,326054.4,10700000,13700000,1644090,149646,954,1460,994,341,7900,806,1735,2990,1950,407,3180,978,761,890,523,811,2900,3010,3030,8,2,1,1,0,1,52,12,21,8,1,4,379,84,140,32,5,6,5.93,150000000
Philippe Coutinho,Coutinho,26,Centrocampista,Trequartista,FC Barcellona,Spagna,Brasile,19320944,2349602,1834436,1011744,11500000,42300000,2619788,738139,408,647,511,495,492,1330,2001,2860,1630,907,8040,3430,655,764,6050,2040,4480,2620,4050,22,5,4,6,1,3,42,22,14,5,5,2,327,80,62,25,6,6,7.17,150000000
Eden Hazard,Hazard,27,Attaccante,Ala sinistra,Chelsea FC,Inghilterra,Belgio,17814105,9276779,5803555,392957.2,45400000,301000000,3049334,849346,1072,1670,1270,598,613,2490,3972,63000,6610,886,25500,2170,28000,51800,10100,7530,5180,10200,9480,21,10,9,0,0,0,52,17,13,8,3,4,516,149,137,44,8,13,7.91,150000000
Paulo Dybala,Dybala,25,Attaccante,Seconda punta,Juventus FC,Italia,Argentina,25153030,3449025,1551710,1280171,11600000,31600000,1678324,805472,302,315,490,3621,2380,10300,643,1130,447,425,11300,1710,679,584,1120,11600,4460,1630,5780,20,7,2,5,5,0,46,26,7,8,1,0,266,100,43,31,11,0,7.12,110000000
Dele Alli,Dele Alli,22,Centrocampista,Trequartista,Tottenham Hotspur,Inghilterra,Inghilterra,5924166,621060,760328,210786.8,8510000,13400000,2151683,84845,147,217,159,108,179,394,2435,3260,1200,139,1600,405,217,407,224,203,2040,698,1980,19,6,3,3,0,1,50,14,17,5,2,4,253,76,59,14,3,7,7.08,100000000
Romelu Lukaku,Lukaku,25,Attaccante,Punta centrale,Manchester United,Inghilterra,Belgio,4030109,2824260,1535233,99904.2,6920000,20200000,3158916,281154,428,659,473,907,592,1480,3799,69300,2350,493,5010,1170,499,1250,674,2210,4880,7040,3650,22,6,2,5,0,1,51,27,9,8,5,0,399,185,67,13,5,1,6.84,100000000
Cristiano Ronaldo,Ronaldo,33,Attaccante,Ala sinistra,Juventus FC,Italia,Portogallo,148673079,122537332,75481157,4388354,173000000,405000000,17665708,7511443,4035,7760,4800,4669,15100,77100,6041,5660,5510,15446,68000,108000,20400,47700,21700,22900,41800,19700,21400,22,12,7,5,1,2,44,44,8,13,15,3,780,583,207,158,121,44,7.82,100000000
Mauro Icardi,Icardi,25,Attaccante,Punta centrale,FC Internazionale,Italia,Argentina,4452085,566184,1344271,113106.2,12500000,26000000,1254845,198598,214,124,141,3503,8230,45400,402,1280,524,314,13500,940,397,440,1010,3100,15400,3090,3690,20,13,2,6,4,0,36,29,1,0,0,0,271,159,29,6,4,0,7.04,95000000
Marco Asensio,Asensio,22,Attaccante,Ala sinistra,Real Madrid CF,Spagna,Spagna,10631793,2069304,1236129,496398.4,11600000,20300000,909318,302411,209,299,330,268,331,239,393,699,320,1502,27300,2840,2350,2990,315,1670,2790,1490,4240,25,4,4,5,0,0,53,11,6,12,1,1,209,36,38,25,4,2,6.76,90000000
Sergej Milinkovic-Savic,Milinkovic-Savic,23,Centrocampista,Centrale,SS Lazio,Italia,Serbia,322551,,,47958.9,902000,5180000,684831,9658,68,45,46,790,1220,16300,178,183,120,20,892,232,132,89,99,1710,825,457,574,20,2,1,0,0,0,48,14,9,0,0,0,182,35,23,0,0,0,7.02,90000000
Leroy Sané,Sané,22,Attaccante,Ala sinistra,Manchester City,Inghilterra,Germania,3302069,554243,1200483,220848.9,1940000,11000000,1327453,194990,1729,2510,1940,118,271,1490,1406,5520,6040,3413,5380,626,889,1160,618,218,2160,1950,2220,22,8,9,4,2,1,49,14,19,9,0,2,248,64,64,18,5,5,7.55,90000000
Saúl Níguez,Saul Niguez,24,Centrocampista,Centrale,Atlético de Madrid,Spagna,Spagna,1047537,480545,391081,55076.8,1360000,777000,256116,7540,169,59,54,49,29,35,139,275,114,25,1600,153,109,180,171,168,1270,163,595,24,2,3,6,1,0,56,6,5,6,1,0,296,37,19,42,9,2,7.09,90000000
Raheem Sterling,Sterling,24,Attaccante,Ala destra,Manchester City,Inghilterra,Inghilterra,4273939,2210537,1519236,203524.4,16100000,721000000,1802004,810844,375,1030,315,283,772,611,3401,13200,10600,399,4340,810,3260,2200,684,559,3580,14800,2980,23,10,9,6,1,2,46,23,17,8,4,1,314,85,91,37,10,10,7.83,90000000
Paul Pogba,Pogba,25,Centrocampista,Centrale,Manchester United,Inghilterra,Francia,30889367,7269139,6131385,1256128,58700000,73800000,3260924,1294058,561,9560,2740,2343,6800,38700,5267,52600,2680,957,24100,2360,26500,52500,10700,7290,10700,15300,9540,21,5,6,6,2,1,37,6,12,5,0,1,315,57,74,43,4,10,7.04,90000000
Isco,Isco,26,Centrocampista,Trequartista,Real Madrid CF,Spagna,Spagna,16507480,3047493,5216127,604351.9,29000000,24300000,861079,789188,404,662,896,524,5200,830,615,1220,775,3742,84800,4750,825,776,18300,7210,9770,13000,4770,18,4,1,4,1,0,49,9,10,11,0,2,349,65,64,65,8,11,6.78,90000000
Gareth Bale,Gareth Bale,29,Attaccante,Ala destra,Real Madrid CF,Spagna,Galles,37898328,28568021,17583251,513341.5,21700000,31500000,2500865,598109,614,1200,615,361,328,706,2151,2170,2510,2216,7630,2850,25500,47300,1400,2440,7770,3200,3690,22,10,5,5,3,2,39,21,7,7,3,2,458,159,133,59,20,18,7.12,90000000
Gabriel Jesus,Gabriel Jesus,21,Attaccante,Punta centrale,Manchester City,Inghilterra,Brasile,11237646,1174218,769620,132277.3,133000000,260000000,973297,107811,241,243,189,341,230,548,1360,1180,781,216,2850,776,322,349,297,542,1590,1440,1260,23,7,2,4,3,0,42,17,5,9,4,1,124,52,18,13,7,1,6.77,80000000
Ousmane Dembélé,Dembélé,21,Attaccante,Ala sinistra,FC Barcellona,Spagna,Francia,7255740,,724062,499368.5,6980000,8800000,1613331,378787,394,1320,1170,325,233,652,663,1110,523,5310,60700,3150,18400,41200,19700,2380,2040,7460,2990,22,10,5,4,2,1,24,4,9,3,1,0,124,36,40,17,5,7,7.54,80000000
N'Golo Kanté,Kanté,27,Centrocampista,Mediano,Chelsea FC,Inghilterra,Francia,5661090,951136,744532,562190.2,3910000,190000000,1684661,163414,163,1840,635,120,1180,252,1563,71000,1350,209,5570,565,24900,50700,2340,6850,2120,2650,2290,22,2,2,0,0,0,48,1,2,6,0,0,235,12,18,6,0,0,6.96,80000000
Raphaël Varane,Varane,25,Difensore,Difensore centrale,Real Madrid CF,Spagna,Francia,11548441,6867767,5240536,175770.6,6800000,41700000,962325,326355,306,353,244,381,261,418,343,399,474,4489,12700,3640,1300,2390,2170,4110,3440,610,4590,19,0,0,3,0,0,44,0,2,11,0,1,276,12,6,65,2,2,6.75,80000000
Roberto Firmino,Firmino,27,Attaccante,Seconda punta,FC Liverpool,Inghilterra,Brasile,7919426,894260,,384419.9,10700000,41300000,1437252,281565,698,853,487,243,260,355,1442,15800,970,248,1690,581,322,530,287,136,2400,1430,1510,25,6,4,6,2,0,54,27,17,13,10,8,360,113,79,19,12,8,7.09,80000000
Jan Oblak,Oblak,25,Portiere,Portiere,Atlético de Madrid,Spagna,Slovenia,832426,,,81310.7,2870000,11000000,487695,37038,190,142,146,192,118,162,213,348,299,1216,21700,3340,247,394,256,2610,1830,808,1320,24,0,0,6,0,0,49,0,0,6,0,0,297,0,0,40,0,0,6.67,80000000
James Rodríguez,James Rodriguez,27,Centrocampista,Trequartista,FC Bayern Monaco,Germania,Colombia,40632665,32708320,17885066,1406475,51500000,317000000,1981170,795322,254,957,4140,444,515,848,790,1370,1560,1562,19400,2410,448,1110,1630,2880,3760,3470,2660,11,3,2,3,0,1,39,8,14,12,1,2,357,99,119,49,5,11,6.9,80000000
Marc-André ter Stegen,Ter Stegen,26,Portiere,Portiere,FC Barcellona,Spagna,Germania,7867719,2927218,1325713,321338.9,1280000,9270000,585052,325297,1060,2550,1190,251,163,285,281,383,334,1230,6750,4620,324,557,401,603,2470,1030,1510,23,0,0,5,0,0,48,0,0,9,0,0,363,0,1,46,0,0,6.61,80000000
Christian Eriksen,Eriksen,26,Centrocampista,Trequartista,Tottenham Hotspur,Inghilterra,Danimarca,1327963,,640482,72236.2,16500000,35200000,643342,69120,236,261,245,195,373,6930,1004,70000,1170,318,1240,565,271,2740,3850,804,2230,5570,1440,22,4,8,5,2,1,47,14,13,6,2,1,414,97,142,33,6,9,6.85,80000000
Sergio Busquets,Busquets,30,Centrocampista,Mediano,FC Barcellona,Spagna,Spagna,,3113955,,,7570000,12100000,587718,203164,400,446,246,289,307,626,318,793,752,3495,14600,8470,465,719,1850,2010,3230,1290,1790,25,0,1,6,0,0,50,1,5,10,0,0,507,13,34,100,4,6,7.08,80000000
Robert Lewandowski,Lewandowski,30,Attaccante,Punta centrale,FC Bayern Monaco,Germania,Polonia,13819513,9228979,1147239,279147.2,23400000,41000000,1466554,345737,3076,4610,3610,739,417,1190,671,1810,1330,1011,7750,2700,797,5030,1580,1520,5350,1230,5310,24,22,5,6,8,0,48,41,5,11,5,2,520,338,101,78,53,16,7.43,80000000
Toni Kroos,Kroos,28,Centrocampista,Centrale,Real Madrid CF,Spagna,Germania,20210938,12387870,7338466,638051,8400000,13300000,1216986,586922,2728,4960,1990,467,277,717,550,813,959,2281,30300,3240,801,1240,957,1700,4500,1720,2260,21,1,2,6,1,2,43,5,10,12,0,3,499,58,122,95,8,23,7.13,80000000
Sergio Agüero,Aguero,30,Attaccante,Punta centrale,Manchester City,Inghilterra,Argentina,10622135,10934432,13138845,252793.5,6630000,37400000,1732784,325758,747,877,545,665,525,2580,2381,6850,2600,4823,7290,3020,791,1700,1040,1650,4650,4350,3850,19,12,3,3,2,0,39,30,7,7,4,1,577,329,107,64,33,8,7.69,80000000
Pierre-Emerick Aubameyang,Aubameyang,29,Attaccante,Punta centrale,FC Arsenal,Inghilterra,Gabon,7855421,719912,1064506,266064.6,5870000,16800000,2342493,209694,1370,3200,2230,548,547,1120,1590,10400,845,408,2390,943,2000,11300,2780,2340,1930,4260,3400,23,14,3,0,0,0,38,31,7,6,4,0,440,220,76,32,15,3,7.13,75000000
Thomas Lemar,Thomas Lemar,23,Attaccante,Ala sinistra,Atlético de Madrid,Spagna,Francia,895956,,,77563.5,3230000,3890000,669227,6386,74,126,76,33,42,80,511,1150,188,61,1080,309,553,769,508,673,778,273,1190,22,2,3,5,0,1,38,3,10,3,0,0,184,25,41,20,2,6,6.84,70000000
Sadio Mané,Sadio Mané,26,Attaccante,Ala sinistra,FC Liverpool,Inghilterra,Senegal,2846176,618004,,272329.8,4970000,6030000,1472483,56023,184,202,410,19,129,363,1383,6920,748,322,582,277,261,268,222,211,1580,709,1030,23,8,3,6,1,2,44,20,9,11,10,1,278,112,67,17,11,3,7.33,70000000
Samuel Umtiti,Umtiti,25,Difensore,Difensore centrale,FC Barcellona,Spagna,Francia,5612100,1377227,1034246,282891.8,3590000,5690000,942965,253736,137,135,229,201,121,231,336,320,268,519,10900,2990,2130,2210,1170,7780,2380,1050,3070,8,0,1,1,0,0,40,1,0,9,0,0,261,7,4,22,0,0,6.6,70000000
Marco Verratti,Verratti,26,Centrocampista,Centrale,FC Paris Saint-Germain,Francia,Italia,4250907,2121634,,119613.3,5060000,7200000,345301,58771,155,270,176,900,711,2000,320,221,324,410,3900,965,1740,2570,3790,15700,1700,403,4180,18,0,1,5,0,0,38,2,7,8,2,2,336,10,55,49,3,6,6.95,70000000
Koke,Koke,26,Centrocampista,Centrale,Atlético de Madrid,Spagna,Spagna,1985163,1292100,921243,31600.5,10200000,17400000,258587,77740,264,193,112,210,213,324,143,899,562,3041,11600,4840,356,520,678,146,2320,670,1530,21,4,2,5,2,1,51,6,7,4,0,0,395,38,92,54,5,9,6.93,70000000
Jordi Alba,Jordi Alba,29,Difensore,Terzino sinistro,FC Barcellona,Spagna,Spagna,10575116,3652201,2207921,172584.8,22900000,23000000,397364,179446,343,125,183,235,147,3250,237,321,313,2180,9910,4710,410,421,539,1630,2600,1700,1430,23,2,9,5,1,3,48,3,11,8,0,0,414,24,57,59,3,6,7.1,70000000
David de Gea,De Gea,28,Portiere,Portiere,Manchester United,Inghilterra,Spagna,10259313,6833359,11775038,381655.3,34300000,73300000,1227163,333626,452,766,287,320,245,638,1747,2520,1940,2493,13500,14500,721,1450,4150,2150,4170,8880,1930,23,0,0,5,0,0,46,0,0,6,0,0,422,0,1,39,0,0,6.55,70000000
Marcelo,Marcelo,30,Difensore,Terzino sinistro,Real Madrid CF,Spagna,Brasile,34121574,19824540,11099,727369.8,328000000,422000000,1163038,1047420,2827,1320,707,1553,947,2140,933,1290,2300,8560,60400,9080,2460,5570,2410,6740,7800,6540,5400,16,3,3,4,1,1,44,5,11,11,3,4,475,39,87,93,9,20,7.06,70000000
Luis Suárez,Luis Suarez,31,Attaccante,Punta centrale,FC Barcellona,Spagna,Uruguay,31348782,18773048,15226778,526185.5,79400000,124000000,2337536,420881,796,890,666,647,424,1050,1619,2730,2800,4160,42800,13400,25000,62000,1290,4620,7800,5570,4830,21,11,6,4,0,2,51,31,18,10,1,3,548,371,210,47,20,16,7.58,70000000
Miralem Pjanic,Pjanic,28,Centrocampista,Centrale,Juventus FC,Italia,Bosnia-Erzegovina,3238611,988563,417207,189836.7,3110000,12300000,504721,109346,260,131,160,2496,1220,11300,214,422,344,293,2560,942,303,423,494,794,2170,534,2690,21,3,2,6,2,0,44,7,14,8,1,1,456,69,100,60,11,9,7.2,70000000
Ivan Rakitic,Rakitic,30,Centrocampista,Centrale,FC Barcellona,Spagna,Croazia,12877683,4033976,1335027,311483.4,8310000,10500000,1247654,391840,754,655,352,379,2400,502,407,519,500,2270,8210,5660,1780,3950,4600,2670,3810,2810,3650,24,3,6,6,1,2,55,4,5,10,1,0,593,100,104,59,6,8,7,70000000
Casemiro,Casemiro,26,Centrocampista,Mediano,Real Madrid CF,Spagna,Brasile,9457330,4300289,1601397,262246.2,7290000,6540000,517856,244738,231,197,194,271,180,399,293,373,234,1588,11500,2750,344,459,460,309,2560,823,1490,19,1,0,4,1,0,48,7,3,12,1,0,292,26,23,50,5,3,7.01,70000000
Naby Keïta,Naby Keita,23,Centrocampista,Centrale,FC Liverpool,Inghilterra,Guinea,760701,171716,,97909.5,808000,4110000,1029647,9706,328,533,341,32,26,39,446,531,214,47,1630,98,89,160,216,158,573,319,560,18,0,0,3,0,0,39,9,7,5,2,0,193,41,35,8,2,0,6.65,65000000
Marcus Rashford,Rashford,21,Attaccante,Punta centrale,Manchester United,Inghilterra,Inghilterra,5857745,736768,1437665,251412.2,10800000,15000000,1423015,248125,211,274,207,162,291,228,2848,9870,1310,127,3310,450,314,459,668,240,9210,2850,1760,21,5,5,6,1,0,52,13,9,8,3,2,158,42,22,14,4,2,6.75,65000000
Nabil Fekir,Fekir,25,Centrocampista,Trequartista,Olympique Lione,Francia,Francia,965474,184650,322120,94934.2,4730000,5880000,1109417,25557,58,62,335,106,166,118,256,437,205,106,2120,510,4290,15000,4040,3120,8750,1590,3740,17,7,4,5,3,2,40,23,8,0,0,0,171,64,41,10,3,2,7.07,65000000
Lorenzo Insigne,Insigne,27,Attaccante,Ala sinistra,SSC Napoli,Italia,Italia,842770,295066,25586,110741.5,6420000,28400000,384655,97507,240,165,103,2784,3550,9460,156,3610,272,251,1310,472,225,381,451,104,2210,231,1430,22,10,5,6,3,0,48,14,14,5,3,0,403,130,83,25,9,1,7.39,65000000
Thibaut Courtois,Courtois,26,Portiere,Portiere,Real Madrid CF,Spagna,Belgio,5867348,5447246,2251570,170586.2,10400000,31500000,1649433,161770,347,441,257,376,526,503,1314,1770,1220,2052,18500,4620,613,921,954,1890,3410,3570,2920,19,0,0,3,0,0,46,0,0,8,0,0,372,0,1,31,0,0,6.79,65000000
Alexandre Lacazette,Lacazette,27,Attaccante,Punta centrale,FC Arsenal,Inghilterra,Francia,2591950,493766,1029268,182486.9,7340000,7570000,832819,135682,268,226,262,329,239,524,1654,10500,689,229,1470,798,4780,13200,3640,4130,1480,937,2310,22,8,6,0,0,0,39,17,5,0,0,0,336,154,54,18,5,3,7.12,65000000
Bernardo Silva,Bernardo Silva,24,Attaccante,Ala destra,Manchester City,Inghilterra,Portogallo,1032045,222764,390772,57591.2,80300000,64200000,542196,15534,166,138,101,202,127,162,747,632,321,123,1890,645,729,918,657,450,1340,502,1460,23,6,5,5,2,0,53,9,11,9,1,2,264,50,42,32,5,4,7.23,60000000
Ederson,Ederson,25,Portiere,Portiere,Manchester City,Inghilterra,Brasile,1423891,281895,104304,76567.1,6970000,8360000,634993,45310,171,202,81,139,254,407,657,527,427,152,2390,271,468,831,224,61,1050,531,858,24,0,0,6,0,0,45,0,0,9,0,0,195,0,0,25,0,0,6.69,60000000
Anthony Martial,Martial,23,Attaccante,Ala sinistra,Manchester United,Inghilterra,Francia,5282308,1190939,1690613,372989.4,64800000,340000000,935591,392857,249,947,594,250,335,1120,3009,8880,8860,1801,2980,1380,1960,9660,4050,2640,3530,3830,3170,20,9,0,5,1,0,45,11,9,8,1,2,230,60,34,26,4,3,6.86,60000000
Riyad Mahrez,Mahrez,27,Attaccante,Ala destra,Manchester City,Inghilterra,Algeria,2598827,1355133,1472431,228989.4,6660000,6820000,1028086,120698,153,160,159,426,345,314,1362,2850,1380,229,968,620,902,1880,609,732,2310,1400,2090,26,7,6,5,1,4,41,13,13,0,0,0,273,66,56,14,5,6,6.95,60000000
Timo Werner,Timo Werner,22,Attaccante,Punta centrale,RasenBallsport Lipsia,Germania,Germania,461790,140511,,39447.1,12400000,12100000,662686,8336,1265,2140,1210,39,47,26,172,357,167,54,604,198,145,129,118,151,711,358,614,21,13,3,0,0,0,45,21,10,6,3,0,263,127,43,6,3,0,7.18,60000000
Virgil van Dijk,Van Dijk,27,Difensore,Difensore centrale,FC Liverpool,Inghilterra,Olanda,1815799,,529000,236103.5,12800000,38800000,1130768,68205,168,247,430,191,931,1790,1167,9460,1060,159,2160,362,1600,4340,306,136,2160,4060,1340,24,1,2,6,0,1,36,2,0,6,0,0,311,32,14,18,0,1,7.39,60000000
Daniel Carvajal,Carvajal,26,Difensore,Terzino destro,Real Madrid CF,Spagna,Spagna,3177922,637283,3502254,117677.3,17200000,43500000,350893,323257,374,412,262,278,158,296,261,324,301,2391,21300,3480,324,406,468,455,2800,719,1650,17,1,3,4,0,0,41,0,7,8,0,3,255,6,43,46,1,11,7.28,60000000
Álvaro Morata,Morata,26,Attaccante,Punta centrale,Chelsea FC,Inghilterra,Spagna,9840989,7484382,4356784,293953.1,5040000,66200000,936800,329170,391,591,656,1831,11200,9380,2099,6390,844,2726,34200,24700,518,819,924,1810,13700,4660,5500,21,7,0,0,0,0,48,15,6,7,1,0,276,93,42,42,12,7,6.61,60000000
Alisson,Alisson,26,Portiere,Portiere,FC Liverpool,Inghilterra,Brasile,3673963,1234101,404576,218720.2,28600000,20000000,1133248,99249,125,240,99,1018,3510,848,560,3420,343,179,11400,736,146,256,209,367,1560,3210,991,24,0,0,6,0,0,49,0,0,12,0,0,144,0,0,18,0,0,6.86,60000000
Jorginho,Jorginho,26,Centrocampista,Mediano,Chelsea FC,Inghilterra,Italia,775397,,,39095.5,6480000,6240000,984075,56616,163,117,84,1106,894,1450,439,66000,275,128,807,322,266,257,147,208,1180,2980,533,20,1,0,0,0,0,39,4,4,2,1,0,276,18,22,6,1,0,6.78,60000000
Kalidou Koulibaly,Koulibaly,27,Difensore,Difensore centrale,SSC Napoli,Italia,Senegal,619359,86341,106101,49435.2,2370000,28700000,329865,21700,86,71,46,1326,7300,1610,246,150,158,72,1230,405,161,9820,335,4960,1380,4030,2840,23,0,2,6,0,0,45,5,1,5,0,0,321,12,12,19,0,0,7.16,60000000
Thiago Alcantara,Thiago Alcantara,27,Centrocampista,Centrale,FC Bayern Monaco,Germania,Spagna,4578122,3463398,25214,128785.2,97900000,10200000,601070,20602,966,608,171,132,160,586,155,261,265,710,2320,1250,1340,340,399,308,1030,236,640,20,2,3,3,0,2,32,7,4,10,3,0,284,38,50,49,8,11,7.36,60000000
Edinson Cavani,Cavani,31,Attaccante,Punta centrale,FC Paris Saint-Germain,Francia,Uruguay,5957071,4893719,1759373,117515,9460000,64200000,1671523,275686,528,1570,708,1186,972,3420,811,2920,803,1471,16200,2400,22500,52600,17500,6700,5050,4020,6300,18,13,4,6,2,2,48,40,11,8,7,1,519,324,61,58,34,6,7.67,60000000
Diego Costa,Diego Costa,30,Attaccante,Punta centrale,Atlético de Madrid,Spagna,Spagna,3415904,1824875,538871,145902.3,409000000,412000000,1637902,142459,791,689,329,677,625,2770,2035,2800,2440,4015,41800,5990,824,1430,1320,2270,6580,6740,2960,15,4,2,3,1,1,23,7,6,0,0,0,431,173,65,27,11,6,6.55,60000000
Kai Havertz,Kai Havertz,19,Centrocampista,Trequartista,Bayer 04 Leverkusen,Germania,Germania,110004,16778,,21058.2,463000,1050000,113608,2623,239,435,338,3,39,42,23,50,27,15,207,68,573,35,19,9,81,47,41,23,9,6,0,0,0,35,4,9,0,0,0,151,45,25,3,0,0,7.04,55000000
John Stones,John Stones,24,Difensore,Difensore centrale,Manchester City,Inghilterra,Inghilterra,713225,,27945,52937.1,256000000,383000000,706979,13395,124,528,106,55,40,52,2169,3650,7960,42,758,341,108,145,129,8,1880,1350,698,22,0,0,6,0,0,29,3,0,5,3,0,227,7,1,18,4,0,6.97,55000000
Marquinhos,Marquinhos,24,Difensore,Difensore centrale,FC Paris Saint-Germain,Francia,Brasile,2771656,756345,311661,79586.3,8650000,8790000,250896,66481,184,175,123,200,202,1060,214,161,168,471,1520,1020,1270,1980,3240,9600,804,1800,2210,21,2,1,5,1,0,41,2,3,8,0,1,259,17,7,42,4,2,7.23,55000000
Joshua Kimmich,Kimmich,23,Difensore,Terzino destro,FC Bayern Monaco,Germania,Germania,2090474,537236,,138377.5,4570000,7420000,433044,56642,954,2260,2650,120,168,177,176,181,296,119,1750,447,362,405,465,90,900,289,783,26,1,10,6,0,2,47,6,17,11,4,3,263,28,47,34,7,5,7.37,55000000
Sergi Roberto,Sergi Roberto,26,Difensore,Terzino destro,FC Barcellona,Spagna,Spagna,6141541,,2327733,282920.4,11400000,345000000,316079,136995,193,77,119,160,112,178,203,262,219,1330,6950,5230,160,257,385,400,1770,918,1950,14,0,4,3,0,0,48,1,8,8,0,0,291,14,30,36,3,0,7.01,55000000
Douglas Costa,Douglas Costa,28,Attaccante,Ala destra,Juventus FC,Italia,Brasile,5028159,866128,397910,192367.4,95600000,102000000,635320,67340,527,802,767,762,729,8350,254,392,694,279,2460,825,267,323,330,488,1800,512,1210,16,0,2,4,0,0,47,6,14,10,0,1,372,60,89,68,10,15,6.57,55000000
Alexis Sánchez,Alexis Sanchez,29,Attaccante,Ala sinistra,Manchester United,Inghilterra,Cile,9649632,5005045,2811335,457390.8,22000000,86700000,2341556,189361,438,823,602,298,272,605,4078,5990,1970,1454,19800,3100,470,3900,926,2710,4080,1430,3050,12,1,2,2,0,0,40,11,9,2,0,0,480,156,110,50,12,14,6.77,55000000
Mats Hummels,Hummels,29,Difensore,Difensore centrale,FC Bayern Monaco,Germania,Germania,2589705,4077597,2144844,72780.1,14700000,8800000,418622,110474,2618,11200,5800,197,132,445,309,374,623,431,1320,722,466,744,499,1180,9480,320,1760,15,1,1,4,1,0,41,3,4,9,1,1,484,45,24,49,4,2,7.03,55000000
Gonzalo Higuaín,Higuain,31,Attaccante,Punta centrale,AC Milan,Italia,Argentina,3060533,309052,6831531,240408.9,3360000,32000000,1503809,372535,759,749,381,5189,12100,43300,660,3060,812,4557,9000,6530,594,1020,21700,2960,28400,3260,4770,18,7,3,0,0,0,50,23,8,10,5,1,565,289,97,75,23,10,6.87,55000000
Arthur,Arthur,22,Centrocampista,Centrale,FC Barcellona,Spagna,Brasile,2298970,304839,10378,250567.2,666000000,688000000,895463,1405935,998,1880,468,181,147,639,2643,1260,12300,309,5010,3820,586,2500,684,2040,2850,9420,1620,18,0,1,5,0,0,10,1,2,0,0,0,68,2,4,5,0,0,6.44,50000000
Federico Chiesa,Federico Chiesa,21,Attaccante,Ala destra,ACF Fiorentina,Italia,Italia,234894,23734,2312,39444.5,22300000,18600000,213355,2220,34,8,8,284,1140,2060,30,90,50,8,264,65,60,34,38,37,1030,158,188,17,3,5,0,0,0,38,6,9,0,0,0,129,24,21,0,0,0,7.12,50000000
Matthijs de Ligt,De Ligt,19,Difensore,Difensore centrale,AFC Ajax Amsterdam,Olanda,Olanda,322653,,,78713.1,7150000,93400000,340755,5882,39,207,223,52,3020,755,102,108,116,41,2580,3720,160,189,248,10500,804,1950,947,29,3,1,5,0,0,39,3,3,0,0,0,149,17,5,5,0,0,7.33,50000000
Lucas Hernández,Lucas Hernández,22,Difensore,Terzino sinistro,Atlético de Madrid,Spagna,Francia,1233571,,235133,133587.9,28800000,60500000,942317,10015,133,394,106,96,108,382,153,549,359,294,6810,1910,741,1170,354,3500,2090,2370,1520,17,0,0,5,0,0,44,0,3,3,0,1,140,2,5,16,0,1,7.01,50000000
José Giménez,Gimenez,23,Difensore,Difensore centrale,Atlético de Madrid,Spagna,Uruguay,888046,310836,360437,36323.2,19600000,45200000,237058,13290,301,84,96,120,163,301,109,228,270,2224,13400,3500,153,351,226,164,1670,2700,629,11,1,0,3,1,0,38,2,2,4,0,0,162,7,7,25,1,0,7.06,50000000
Kingsley Coman,Coman,22,Attaccante,Ala sinistra,FC Bayern Monaco,Germania,Francia,641334,419287,,74336.5,4990000,18900000,376982,33574,594,1180,1490,315,284,1120,159,236,348,650,947,424,897,7590,860,953,995,252,1410,9,2,1,1,1,0,33,7,8,6,2,3,134,19,24,19,5,9,7.07,50000000
Milan Skriniar,Skriniar,23,Difensore,Difensore centrale,FC Internazionale,Italia,Slovacchia,485047,38500,336651,74516.9,1990000,7280000,222307,20165,55,18,6,531,1540,4250,66,87,90,34,420,197,138,72,54,59,792,135,348,21,0,0,6,0,0,40,4,0,0,0,0,201,17,2,6,0,0,6.97,50000000
Kepa,Kepa,24,Portiere,Portiere,Chelsea FC,Inghilterra,Spagna,532178,3008,130197,108973.8,14400000,10200000,953477,23868,79,57,52,53,352,112,217,779,112,1061,3550,2640,72,121,94,133,654,313,435,24,0,0,0,0,0,31,0,0,0,0,0,188,0,0,0,0,0,6.66,50000000
Fred,Fred,25,Centrocampista,Centrale,Manchester United,Inghilterra,Brasile,815873,57001,131508,52596.4,639000000,662000000,1217304,1038742,838,1150,209,133,403,691,1665,48800,12800,454,3460,1180,497,1780,533,255,1540,4690,766,13,1,0,3,0,0,37,4,7,8,1,1,201,23,22,27,1,1,6.67,50000000
Florian Thauvin,Thauvin,25,Attaccante,Ala destra,Olympique Marsiglia,Francia,Francia,953042,165356,784751,79404.1,2590000,5530000,430414,24965,60,49,32,145,69,147,79,344,193,71,621,258,8200,12000,22300,13400,520,149,2770,19,13,5,0,0,0,54,26,18,0,0,0,285,84,53,6,1,1,7.31,50000000
Adrien Rabiot,Rabiot,23,Centrocampista,Centrale,FC Paris Saint-Germain,Francia,Francia,1270036,,69014,31954,12300000,14500000,449093,29195,103,361,119,198,242,7780,196,685,192,174,4810,27400,6430,7840,6230,24200,3070,5710,5590,20,2,2,5,0,0,50,5,7,8,1,2,240,25,20,36,4,3,7.31,50000000
Aymeric Laporte,Laporte,24,Difensore,Difensore centrale,Manchester City,Inghilterra,Francia,354064,155277,132565,30838.8,1800000,20800000,675243,53253,227,193,81,112,79,129,242,3390,416,1731,1900,2720,6890,14300,1670,2370,1030,1950,3020,25,3,0,6,2,0,43,1,3,3,0,0,268,13,7,14,2,0,6.93,50000000
Niklas Süle,Niklas Süle,23,Difensore,Difensore centrale,FC Bayern Monaco,Germania,Germania,420143,,,44134.7,514000,3310000,266506,813,626,928,603,5,38,68,57,93,42,12,418,44,110,40,63,5,252,115,85,22,1,0,4,0,0,42,2,2,9,0,0,231,15,7,13,0,0,6.96,50000000
Rodrigo Moreno,Rodrigo Moreno,27,Attaccante,Punta centrale,Valencia CF,Spagna,Spagna,282083,,,24242.8,290000000,59700000,442157,1543,66,31,11,18,34,24,18,69,118,531,1770,910,26,55,38,812,540,146,185,21,2,4,6,0,1,44,19,7,0,0,0,299,87,42,24,2,1,7.35,50000000
Ciro Immobile,Immobile,28,Attaccante,Punta centrale,SS Lazio,Italia,Italia,627939,857389,346969,60052,5320000,95000000,517767,83297,383,728,286,2509,3220,11100,198,231,1030,327,1840,558,193,401,319,87,2090,289,790,21,11,6,0,0,0,47,41,11,0,0,0,349,189,43,10,4,1,7.2,50000000
Kyle Walker,Kyle Walker,28,Difensore,Terzino destro,Manchester City,Inghilterra,Inghilterra,1232887,1066955,1364170,68661.4,94300000,96600000,800755,16578,207,162,77,38,118,290,1541,1160,1060,73,1020,245,83,196,238,9,1650,1840,856,23,1,0,6,0,0,48,0,7,7,0,1,383,7,38,16,0,1,7.05,50000000
Heung-min Son,Son Heung Min,26,Attaccante,Ala sinistra,Tottenham Hotspur,Inghilterra,Corea del Sud,1699462,823019,,342598.3,7860000,10500000,1193939,43023,538,774,222,27,38,2440,589,1020,528,8,643,274,65,116,131,3,893,779,574,22,8,5,6,0,1,53,18,11,7,4,0,360,120,45,35,8,4,6.97,50000000
David Alaba,Alaba,26,Difensore,Terzino sinistro,FC Bayern Monaco,Germania,Austria,4539795,3550134,1753329,87938.9,8190000,17200000,382372,92444,1323,2870,1470,158,93,445,147,203,497,1145,5980,1440,393,483,638,290,1450,1050,1020,24,1,3,5,0,2,36,2,6,7,0,3,435,42,54,72,5,15,6.76,50000000
Thomas Müller,Thomas Müller,29,Attaccante,Seconda punta,FC Bayern Monaco,Germania,Germania,6363301,9342075,4129026,101850.2,167000000,326000000,1241818,33621,7699,18900,3180,66,126,332,384,802,1090,459,2110,928,557,889,1280,222,1550,232,607,25,5,6,6,0,1,45,15,18,10,3,2,553,223,158,105,42,20,7.02,50000000
Willian,Willian,30,Attaccante,Ala destra,Chelsea FC,Inghilterra,Brasile,8054627,6223180,52033,81977.2,30200000,30700000,761429,206056,285,249,246,258,428,590,1211,74800,1420,899,3320,3450,356,729,1140,325,2960,1430,1580,27,4,6,0,0,0,55,13,12,8,3,3,518,88,116,64,17,15,7.18,50000000
Jadon Sancho,Jadon Sancho,18,Attaccante,Ala sinistra,Borussia Dortmund,Germania,Inghilterra,758122,,92267,173910.3,5200000,4940000,1164904,4092,144,308,153,4,22,10,365,1320,240,25,568,75,46,40,115,267,534,248,493,24,7,10,5,1,1,21,5,7,0,0,0,80,32,25,5,1,1,7.31,45000000
Leon Bailey,Leon Bailey,21,Attaccante,Ala sinistra,Bayer 04 Leverkusen,Germania,Giamaica,299464,37952,19071,22918.7,43500000,52100000,522766,2843,233,389,183,18,53,12,110,194,235,14,263,146,29,38,25,7,187,306,349,23,1,5,0,0,0,34,12,6,0,0,0,144,28,33,2,0,0,6.7,45000000
Richarlison,Richarlison,21,Attaccante,Ala sinistra,FC Everton,Inghilterra,Brasile,1203403,47898,111914,201611.4,3360000,2750000,672912,10676,21,28,9,22,53,54,338,3420,260,18,296,125,74,112,166,119,707,1330,693,17,8,2,0,0,0,41,5,5,0,0,0,126,33,18,0,0,0,7.1,45000000
Malcom,Malcom,21,Attaccante,Ala destra,FC Barcellona,Spagna,Brasile,2107548,,,167952.6,20800000,19400000,839295,78693,62,152,95,180,1970,160,252,298,1070,121,4550,1470,576,1110,516,687,1480,2170,1810,9,2,0,2,1,0,38,12,8,0,0,0,159,32,21,2,1,0,6.14,45000000
Christian Pulisic,Pulisic,20,Attaccante,Ala destra,Borussia Dortmund,Germania,Stati Uniti,1302366,200656,186610,105144.2,5090000,6880000,1197314,20054,420,915,1090,49,54,74,231,373,266,72,2600,287,167,4650,113,674,1750,7070,2980,18,3,4,5,1,0,42,5,7,5,0,0,140,29,37,20,2,3,6.69,45000000
Fabinho,Fabinho,25,Centrocampista,Mediano,FC Liverpool,Inghilterra,Brasile,695456,60568,6161,73856,7640000,7090000,974928,66202,92,110,71,152,112,158,420,764,255,188,1140,370,4680,4960,833,20300,1160,1660,1790,14,0,2,4,0,0,46,8,5,5,0,0,278,33,25,29,2,3,7,45000000
Federico Bernardeschi,Bernardeschi,24,Attaccante,Ala destra,Juventus FC,Italia,Italia,1628506,205281,117716,116760.6,1470000,3020000,263395,40778,117,71,72,1594,2980,4500,91,115,128,75,724,182,192,162,119,143,1480,134,464,14,2,1,4,0,0,31,5,7,5,1,1,215,65,28,9,1,1,6.7,45000000
Corentin Tolisso,Tolisso,24,Centrocampista,Centrale,FC Bayern Monaco,Germania,Francia,1101251,346478,199995,135288.4,2510000,2830000,514918,25384,269,509,526,241,101,206,101,133,142,76,816,199,1390,1440,837,1190,674,192,1440,3,1,0,0,0,0,40,10,7,8,3,2,203,40,24,20,5,4,6.73,45000000
Julian Brandt,Julian Brandt,22,Attaccante,Ala sinistra,Bayer 04 Leverkusen,Germania,Germania,380602,55622,17803,43788.1,14600000,14100000,305841,7207,698,936,678,11,70,19,78,122,129,28,275,111,46,155,63,16,278,109,194,23,3,6,0,0,0,39,12,7,0,0,0,263,71,66,21,1,0,6.85,45000000
Harry Maguire,Maguire,25,Difensore,Difensore centrale,Leicester City,Inghilterra,Inghilterra,476227,24860,218835,60385.4,23300000,31900000,1749119,14760,61,118,368,44,73,68,1307,2410,2030,247,497,382,63,125,126,51,2040,640,528,14,2,0,0,0,0,44,2,3,0,0,0,315,20,19,0,0,0,7.3,45000000
Memphis Depay,Depay,24,Attaccante,Punta centrale,Olympique Lione,Francia,Olanda,5490175,2914957,1301666,267743.4,6420000,5900000,749536,75788,124,312,140,167,137,285,427,2390,765,173,931,492,1270,1430,984,1390,1690,3060,2650,24,6,11,6,1,4,51,22,17,0,0,0,287,100,75,12,2,4,7.37,45000000
Benjamin Mendy,Benjamin Mendy,24,Difensore,Terzino sinistro,Manchester City,Inghilterra,Francia,2575142,171014,1085956,107213.2,6890000,8810000,613748,9427,87,71,69,27,39,55,748,540,321,27,536,235,772,995,20000,990,600,358,989,11,0,5,1,0,0,9,0,1,1,0,0,224,4,35,11,0,4,7.31,45000000
Marcos Alonso,Marcos Alonso,27,Difensore,Terzino sinistro,Chelsea FC,Inghilterra,Spagna,1258524,439238,349789,77930.2,43000000,46200000,149486,22172,114,46,74,179,114,357,764,1640,429,2107,4770,865,127,249,140,128,1320,415,587,20,1,5,0,0,0,46,8,4,7,0,1,263,25,23,7,0,1,7.18,45000000
Alex Sandro,Alex Sandro,27,Difensore,Terzino sinistro,Juventus FC,Italia,Brasile,1465140,,,90102.4,50300000,210000000,303784,30324,262,178,250,1311,5070,2360,391,385,408,234,1120,744,508,1140,649,2710,1490,511,1880,21,0,2,6,0,0,39,4,6,10,0,1,330,13,37,53,0,6,7.28,45000000
Aaron Ramsey,Ramsey,27,Centrocampista,Centrale,FC Arsenal,Inghilterra,Galles,3113611,4623868,3084654,87672.3,21600000,107000000,589761,271352,316,444,211,132,5990,268,1891,14900,3240,284,1320,986,1320,3960,2800,8240,12000,6700,2230,21,2,6,0,0,0,32,11,12,0,0,0,386,64,66,43,8,4,6.71,45000000
Ángel Di María,Di Maria,30,Attaccante,Ala destra,FC Paris Saint-Germain,Francia,Argentina,7987037,3395743,146886,145454.8,39100000,2600000000,798463,326890,491,929,515,540,1270,5890,571,743,2120,3465,3000,3990,2320,3750,2250,4840,4130,937,3610,24,7,8,6,2,1,45,21,12,5,1,1,534,118,184,72,18,20,7.38,45000000
Ivan Perisic,Perisic,29,Attaccante,Ala sinistra,FC Internazionale,Italia,Croazia,1419682,163277,4827,96473.7,5130000,7220000,900925,58181,669,1290,282,1504,758,2130,456,1570,271,223,1060,545,162,470,223,1110,1920,345,908,22,3,2,6,0,0,39,11,11,0,0,0,401,110,80,17,1,0,6.92,45000000
Mesut Özil,Özil,30,Centrocampista,Trequartista,FC Arsenal,Inghilterra,Germania,18674282,31336930,23521024,411324.2,13800000,21000000,2135737,584594,2340,5040,17300,222,2700,2700,2540,14200,3510,2596,5550,1740,5820,9880,27900,5980,8900,1240,1980,15,4,2,0,0,0,35,5,14,0,0,0,557,102,212,69,11,26,6.92,45000000
Gerard Piqué,Piqué,31,Difensore,Difensore centrale,FC Barcellona,Spagna,Spagna,16874872,18842284,18934201,524972.1,13300000,63500000,2154373,819426,516,898,498,183,722,1170,722,798,1440,5711,67600,37100,2200,4050,4780,2580,8500,4260,4230,23,5,1,5,1,0,49,4,0,9,1,0,520,48,11,103,12,2,7.16,45000000
Rodrigo Hernández,Rodrigo Hernandez,22,Centrocampista,Mediano,Atlético de Madrid,Spagna,Spagna,,,,,10800000,34600000,189760,813,34,9,8,12,8,51,9,54,67,31,3100,841,32,77,40,462,499,500,116,23,2,0,6,0,0,47,1,4,0,0,0,149,6,6,6,0,0,7.35,40000000
Benjamin Pavard,Pavard,22,Difensore,Difensore centrale,VfB Stoccarda,Germania,Francia,1563446,74718,158564,193630.5,3990000,3930000,1147253,17728,279,525,837,40,3650,442,77,119,95,37,561,298,6580,6940,3720,4140,278,1190,3590,14,0,0,0,0,0,36,1,0,0,0,0,96,2,2,0,0,0,6.67,40000000
Davinson Sánchez,Davinson Sanchez,22,Difensore,Difensore centrale,Tottenham Hotspur,Inghilterra,Colombia,499909,35243,122381,34491,1380000,36500000,137316,2947,49,9,21,20,26,9,226,429,228,38,2910,286,39,61,54,37,356,326,210,15,0,1,4,0,0,43,1,0,8,0,0,137,8,3,12,0,0,6.81,40000000
Frenkie de Jong,Frenkie de Jong,21,Centrocampista,Centrale,AFC Ajax Amsterdam,Olanda,Olanda,326815,,,68773.1,3170000,2830000,323739,2509,20,77,27,20,6,5,74,97,59,15,3240,196,40,61,82,6570,493,542,178,27,4,1,5,0,0,26,1,9,0,0,0,141,21,23,5,0,0,7.35,40000000
Lucas Torreira,Lucas Torreira,22,Centrocampista,Mediano,FC Arsenal,Inghilterra,Uruguay,854653,,178221,137804.3,5140000,3810000,895163,3912,31,20,10,62,144,219,287,358,2820,22,313,77,36,32,37,10,567,360,195,24,2,3,0,0,0,38,4,1,0,0,0,163,15,8,0,0,0,6.98,40000000
Hirving Lozano,Lozano,23,Attaccante,Ala destra,PSV Eindhoven,Olanda,Messico,1185965,,279409,192438.8,2600000,63500000,910952,32631,97,80,45,67,44,1300,90,216,177,1435,20100,2480,61,264,142,30,630,9480,517,27,15,8,6,2,1,34,19,11,0,0,0,201,75,47,6,2,1,7.72,40000000
Gianluigi Donnarumma,Donnarumma,19,Portiere,Portiere,AC Milan,Italia,Italia,1623181,654673,133368,63781.1,3280000,9380000,489432,58456,122,129,290,2089,1390,2930,288,206,161,166,1830,400,186,266,241,1500,2200,1180,1700,17,0,0,0,0,0,53,0,1,0,0,0,152,0,1,0,0,0,6.63,40000000
Rúben Neves,Neves,21,Centrocampista,Mediano,Wolverhampton Wanderers,Inghilterra,Portogallo,296225,216019,34507,24982.2,2820000,82800000,633831,26816,88,76,6,64,54,293,273,10700,361,211,484,263,54,77,77,7,402,257,167,17,2,1,0,0,0,42,6,1,0,0,0,152,12,5,16,0,2,6.95,40000000
Gonçalo Guedes,Guedes,22,Attaccante,Ala sinistra,Valencia CF,Spagna,Portogallo,409975,131770,20485,32234.3,7770000,33100000,381209,17236,63,61,39,91,124,60,94,563,104,390,4750,1210,198,447,181,1300,642,164,825,14,0,1,4,0,0,40,6,11,0,0,0,181,32,46,17,3,1,6.75,40000000
Alessio Romagnoli,Romagnoli,23,Difensore,Difensore centrale,AC Milan,Italia,Italia,665416,127851,,81549.9,6620000,21900000,159342,38686,101,9,5,2733,788,5570,87,86,112,93,618,182,87,168,110,10,1500,181,1480,17,2,0,0,0,0,42,3,1,0,0,0,188,13,4,0,0,0,6.77,40000000
Andreas Christensen,Christensen,22,Difensore,Difensore centrale,Chelsea FC,Inghilterra,Danimarca,588666,,,35742,14900000,69600000,294291,19900,628,621,298,70,527,228,443,873,1720,270,1540,223,82,213,90,36,987,2510,405,10,0,0,0,0,0,40,0,0,6,0,0,200,11,8,15,0,0,6.38,40000000
Jonathan Tah,Jonathan Tah,22,Difensore,Difensore centrale,Bayer 04 Leverkusen,Germania,Germania,160063,36356,3354,5527.2,1570000,1660000,97786,1310,583,471,334,6,8,42,19,106,60,8,308,44,8,107,14,14,86,18,60,19,1,0,0,0,0,33,0,2,0,0,0,232,6,8,11,0,0,6.72,40000000
Héctor Bellerín,Hector Bellerin,23,Difensore,Terzino destro,FC Arsenal,Inghilterra,Spagna,2802981,658951,1578701,161652.5,655000,2610000,489059,19412,96,75,81,32,21,60,906,690,195,123,941,215,145,148,266,313,823,471,533,17,0,4,0,0,0,47,3,5,0,0,0,222,12,29,15,0,1,6.66,40000000
Clément Lenglet,Lenglet,23,Difensore,Difensore centrale,FC Barcellona,Spagna,Francia,583942,56316,70830,109347.8,618000,18000000,481121,16728,64,52,64,75,46,78,52,114,49,254,3500,1130,189,611,264,316,731,429,952,20,1,0,6,0,0,54,4,1,9,1,0,176,7,3,16,1,0,6.63,40000000
João Cancelo,Cancelo,24,Difensore,Terzino destro,Juventus FC,Italia,Portogallo,1097016,105824,,171117.2,974000,41000000,373954,21400,71,40,34,480,6020,701,55,120,143,478,1630,1040,151,171,93,95,870,318,453,15,0,4,3,0,1,29,1,4,0,0,0,187,7,35,9,1,2,7.49,40000000
Piotr Zielinski,Zielinski,24,Centrocampista,Centrale,SSC Napoli,Italia,Polonia,419696,224446,,33504,1370000,41100000,155607,14974,117,76,47,974,409,1470,55,146,195,43,3500,183,115,114,79,135,863,467,313,23,3,0,6,0,0,47,7,3,5,2,0,229,31,21,18,2,0,6.85,40000000
Michy Batshuayi,Batshuayi,25,Attaccante,Punta centrale,Valencia CF,Spagna,Belgio,2467809,849116,1783418,82214.8,3910000,3400000,1018478,57122,190,261,338,250,144,178,1002,3210,460,241,3710,537,961,1550,6640,13700,2630,964,3480,21,3,0,5,1,0,40,21,3,4,2,0,288,112,29,9,3,0,6.25,40000000
Eric Dier,Eric Dier,24,Centrocampista,Mediano,Tottenham Hotspur,Inghilterra,Inghilterra,780615,102623,283393,34933.9,9230000,9060000,628804,7943,104,147,68,19,22,77,960,964,595,37,996,152,70,87,97,5,1260,378,503,17,2,0,4,0,0,46,0,3,7,0,1,260,13,14,16,0,1,6.86,40000000
Marcelo Brozovic,Brozovic,26,Centrocampista,Centrale,FC Internazionale,Italia,Croazia,743595,54093,,57963,1770000,2970000,286645,26148,194,117,75,1211,732,11400,82,120,346,78,716,194,122,142,93,30,1370,105,511,21,2,1,6,0,0,33,4,9,0,0,0,284,39,38,12,0,0,7.25,40000000
Leon Goretzka,Leon Goretzka,23,Centrocampista,Centrale,FC Bayern Monaco,Germania,Germania,644003,179444,,74519.7,1720000,2020000,453082,16642,866,1050,864,30,21,25,120,151,132,35,573,109,46,92,83,218,338,182,318,22,2,3,5,0,0,29,4,5,0,0,0,251,53,33,10,0,0,6.82,40000000
Alex Oxlade-Chamberlain,Alex Oxlade-Chamberlain,25,Centrocampista,Centrocampista di destra,FC Liverpool,Inghilterra,Inghilterra,3331577,2552107,2808282,149718.8,3500000,3610000,776324,52618,156,83,111,17,57,98,1161,926,832,6,467,223,204,224,174,100,1800,482,643,0,0,0,0,0,0,46,5,8,7,2,0,287,35,49,36,6,5,5.93,40000000
Jesse Lingard,Jesse Lingard,25,Attaccante,Ala destra,Manchester United,Inghilterra,Inghilterra,5318790,936757,1143444,377023.4,7890000,7420000,1770819,73232,116,91,118,10,57,21,1744,2070,870,36,600,179,82,103,149,25,1020,448,700,18,4,2,3,0,0,48,13,7,6,0,0,258,57,45,13,0,1,6.48,40000000
Allan,Allan,27,Centrocampista,Centrale,SSC Napoli,Italia,Brasile,369009,,,48387.7,267000000,215000000,123932,113473,595,320,186,1262,1180,10400,701,2700,5890,1105,1030,424,266,731,454,930,2340,1380,526,22,0,2,6,0,0,50,4,5,6,0,0,333,11,36,20,0,0,7.26,40000000
Suso,Suso,25,Attaccante,Ala destra,AC Milan,Italia,Spagna,929055,,126775,77331.7,25800000,25900000,332173,66203,72,40,6,1027,927,10700,81,197,163,985,20700,22700,96,1420,102,71,1360,282,1250,21,5,8,0,0,0,50,8,14,0,0,0,233,40,58,0,0,0,7.61,40000000
Granit Xhaka,Xhaka,26,Centrocampista,Mediano,FC Arsenal,Inghilterra,Svizzera,1801757,1262318,,112283.8,4830000,4630000,743258,119211,702,1600,441,106,117,217,1002,3480,617,114,1060,303,481,339,331,57,1360,1230,1480,19,2,1,0,0,0,48,3,8,0,0,0,357,32,27,22,1,1,7.05,40000000
Stefan de Vrij,De Vrij,26,Difensore,Difensore centrale,FC Internazionale,Italia,Olanda,350206,236771,177626,43183.5,4610000,69800000,244662,12742,91,148,5,1256,542,1100,78,147,201,66,337,292,55,132,145,99,825,82,229,17,1,1,5,0,1,47,7,1,0,0,0,290,17,10,5,0,1,6.91,40000000
Stefan Savic,Savic,27,Difensore,Difensore centrale,Atlético de Madrid,Spagna,Montenegro,272756,,,12078.2,2400000,18400000,141971,7898,298,329,142,963,1980,16800,227,298,227,532,5720,2200,243,296,277,1640,2200,526,770,14,0,2,1,0,0,37,0,0,3,0,0,307,8,7,27,0,0,6.78,40000000
Kostas Manolas,Manolas,27,Difensore,Difensore centrale,AS Roma,Italia,Grecia,458540,,,51690.2,217000,2770000,210127,37108,137,56,10,1507,991,8430,125,165,143,3449,2720,461,78,139,120,193,1190,168,217,19,2,1,5,1,0,40,4,0,11,2,0,353,20,9,43,5,2,6.85,40000000
Antonio Rüdiger,Rüdiger,25,Difensore,Difensore centrale,Chelsea FC,Inghilterra,Germania,918205,237595,402463,48930.9,4060000,23000000,476024,32130,1855,2880,1100,549,304,806,506,397,303,92,693,189,212,246,250,98,1350,518,218,21,1,0,0,0,0,45,3,2,6,0,0,287,16,8,12,0,0,6.96,40000000
Nemanja Matic,Nemanja Matic,30,Centrocampista,Mediano,Manchester United,Inghilterra,Serbia,1209474,,39853,96524.5,5100000,8440000,506392,24456,119,101,61,55,186,46,1152,981,678,80,376,215,101,116,202,317,1290,365,581,21,0,0,5,0,0,49,2,3,7,0,1,418,24,28,43,3,2,6.64,40000000
César Azpilicueta,Azpilicueta,29,Difensore,Terzino destro,Chelsea FC,Inghilterra,Spagna,2250630,2991041,2086185,66756.6,806000,3960000,396638,95232,181,90,249,95,111,188,626,1170,675,1038,1530,800,350,402,470,246,1760,414,640,23,0,3,0,0,0,52,3,7,8,1,0,476,10,45,43,1,4,7.11,40000000
Ilkay Gündogan,Gündogan,28,Centrocampista,Centrale,Manchester City,Inghilterra,Germania,2341938,2673213,903796,35939.9,1710000,8520000,547228,57330,1230,1880,1360,137,129,337,727,4280,663,299,480,495,188,477,427,266,1380,140,374,20,4,3,4,0,1,49,6,7,9,2,2,337,65,39,39,5,6,6.96,40000000
Georginio Wijnaldum,Wijnaldum,28,Centrocampista,Centrale,FC Liverpool,Inghilterra,Olanda,1550260,,533638,75347.7,1190000,3540000,445805,73258,210,138,138,114,96,119,444,1530,526,114,457,214,3070,2760,2130,6,1630,1400,667,23,1,1,6,0,1,50,2,4,12,1,2,446,103,56,18,1,3,6.83,40000000
Javi Martínez,Javi Martinez,30,Centrocampista,Mediano,FC Bayern Monaco,Germania,Spagna,1743298,1969600,1370887,27783.8,10800000,18400000,213241,13178,961,1110,778,69,65,364,75,136,194,2442,4020,3460,143,270,292,156,1370,215,431,17,1,0,4,1,0,37,2,2,10,1,0,448,35,15,49,2,2,6.77,40000000
Toby Alderweireld,Alderweireld,29,Difensore,Difensore centrale,Tottenham Hotspur,Inghilterra,Belgio,375698,44534,596205,25214.9,3720000,3760000,514196,16355,149,208,64,69,84,139,804,1320,819,390,818,551,163,935,157,71,1820,5080,639,23,0,0,5,0,0,21,0,1,4,0,1,368,24,15,32,3,1,6.96,40000000
Radja Nainggolan,Nainggolan,30,Centrocampista,Trequartista,FC Internazionale,Italia,Belgio,1740379,595423,640235,211375.4,3470000,16600000,820986,94023,202,102,123,2678,12000,48000,224,231,483,137,2700,520,1290,2910,233,572,2800,4530,2250,15,3,0,4,1,0,42,6,11,11,2,2,440,49,42,28,3,5,6.77,40000000
Marco Reus,Marco Reus,29,Centrocampista,Trequartista,Borussia Dortmund,Germania,Germania,7221383,13146494,3058718,358456.4,17700000,22800000,796262,697510,2118,3230,1190,62,426,605,211,1950,465,386,3170,811,420,366,355,595,1030,462,892,24,14,9,5,1,1,15,7,1,0,0,0,427,181,101,35,17,12,7.46,40000000
Jérôme Boateng,jerome boateng,30,Difensore,Difensore centrale,FC Bayern Monaco,Germania,Germania,5996555,3834146,2453222,68551.8,1590000,8800000,788775,22726,1980,3070,1590,61,75,188,247,259,286,224,699,519,413,472,290,526,1070,530,880,17,0,1,5,0,0,31,2,4,9,0,1,465,14,30,69,3,6,6.83,40000000
Sergio Ramos,Sergio Ramos,32,Difensore,Difensore centrale,Real Madrid CF,Spagna,Spagna,28894279,23588468,15571740,543857.4,92700000,76400000,2161525,1125336,803,834,452,595,1730,3400,1104,1810,1420,6044,25400,13100,580,1100,1020,5510,7300,4710,3620,24,6,1,4,0,0,42,5,1,11,1,0,633,82,38,118,11,8,7.07,40000000
Karim Benzema,Benzema,30,Attaccante,Punta centrale,Real Madrid CF,Spagna,Francia,25508947,22821698,8959498,308339.8,18800000,29400000,1582305,1069852,862,1260,765,790,2140,1810,826,1180,1010,6729,32800,6420,26500,54600,4340,20700,6100,7090,9000,26,11,6,6,3,2,47,12,11,9,5,0,586,269,145,110,59,25,7.13,40000000
Paulinho,Paulinho,30,Centrocampista,Centrale,Guangzhou Evergrande Taobao,Cina,Brasile,3587086,1793059,16875,60189,18500000,13500000,971653,189100,390,212,3380,198,339,882,289,472,595,574,6630,1930,558,491,282,381,1500,410,902,0,0,0,0,0,0,68,22,10,9,0,0,425,96,42,9,0,0,5.93,38000000
Tanguy Ndombélé,Ndombele,21,Centrocampista,Centrale,Olympique Lione,Francia,Francia,95788,,,20863.2,98000,1830000,164368,2052,16,6,5,15,14,10,23,69,60,11,177,45,3080,2940,905,4030,91,640,724,23,2,5,6,2,0,50,1,8,0,0,0,104,5,20,6,2,0,6.82,35000000
Houssem Aouar,Houssem Aouar,20,Centrocampista,Centrale,Olympique Lione,Francia,Francia,181574,20738,43275,24540.2,754000,587000,115018,2107,11,6,4,2,3,2,33,46,36,7,265,98,207,222,233,314,64,44,295,24,6,4,6,0,3,44,7,6,0,0,0,84,17,11,6,0,3,7.24,35000000
Ryan Sessegnon,Sessegnon,18,Centrocampista,Centrocampista di sinistra,FC Fulham,Inghilterra,Inghilterra,171375,,35824,17616.5,932000,1080000,748743,2046,39,8,2,10,20,8,383,572,426,59,155,75,270,190,211,125,512,155,228,18,1,3,0,0,0,52,16,8,0,0,0,101,24,16,0,0,0,6.55,35000000
Vinícius Júnior,vinicius junior,18,Attaccante,Ala sinistra,Real Madrid CF,Spagna,Brasile,4315534,485877,751837,596744.2,14200000,36900000,927560,11299,46,81,54,16,28,26,79,79,60,118,11900,204,28,134,872,276,271,200,372,15,5,7,2,0,1,17,6,3,0,0,0,64,15,11,2,0,1,5.93,35000000
Mikel Oyarzabal,Oyarzabal,21,Attaccante,Ala sinistra,Real Sociedad,Spagna,Spagna,35343,,12752,6284.8,423000,1110000,62664,2130,18,5,5,35,26,9,10,79,18,281,3100,2060,7,114,7,1,375,8,140,18,6,2,0,0,0,43,14,8,0,0,0,141,33,22,0,0,0,6.82,35000000
Trent Alexander-Arnold,Trent Alexander Arnold,20,Difensore,Terzino destro,FC Liverpool,Inghilterra,Inghilterra,1178572,,368276,144142.4,11600000,11100000,848749,10755,91,35,43,9,7,3,422,380,373,8,322,94,37,44,75,1,457,296,240,18,1,2,5,0,0,34,3,3,10,1,1,82,8,10,15,1,1,7.12,35000000
Franck Kessié,Kessié,21,Centrocampista,Centrale,AC Milan,Italia,Costa d'Avorio,447876,,,46975.9,609000,573000,145663,17280,35,3,4,629,510,868,93,185,44,34,111,101,77,190,81,9,456,268,94,19,3,2,0,0,0,54,5,6,0,0,0,148,19,14,0,0,0,6.91,35000000
Wilfred Ndidi,Ndidi,21,Centrocampista,Mediano,Leicester City,Inghilterra,Nigeria,328254,,72250,25495.8,1260000,1560000,191098,2590,36,34,82,30,63,57,193,2880,277,17,276,84,180,77,58,1,484,254,233,20,1,1,0,0,0,38,1,4,0,0,0,164,12,9,4,0,0,7.21,35000000
Andrew Robertson,Andrew Robertson,24,Difensore,Terzino sinistro,FC Liverpool,Inghilterra,Scozia,907361,,355868,112468,61700000,76700000,808844,3557,80,69,68,26,106,37,242,735,2100,6,176,29,86,30,76,7,776,839,184,22,0,5,6,0,2,30,1,5,6,0,0,254,13,29,12,0,2,7.15,35000000
Thomas Partey,Thomas Partey,25,Centrocampista,Mediano,Atlético de Madrid,Spagna,Ghana,245984,47456,59140,19520.4,2470000000,3320000,175989,1132,4,5,9,4,56,19,22,58,36,86,458,529,40,44,79,32,537,122,332,21,2,4,5,0,1,50,5,0,6,1,0,216,23,11,22,1,1,6.92,35000000
José Gayà,Gaya,23,Difensore,Terzino sinistro,Valencia CF,Spagna,Spagna,204500,,85067,13370.2,22900000,267000000,65164,706,41,22,2,7,8,5,36,95,835,887,1040,276,26,110,53,7,156,71,103,21,1,0,5,0,0,38,0,5,0,0,0,211,8,17,10,0,2,6.92,35000000
Tiemoué Bakayoko,Bakayoko,24,Centrocampista,Mediano,AC Milan,Italia,Francia,974118,67561,,70384.2,162000,5900000,416313,33353,102,95,78,233,277,1240,741,428,379,94,945,294,4400,4780,628,783,1120,307,1210,18,0,0,0,0,0,43,3,3,5,1,1,181,9,4,18,2,1,6.75,35000000
Andrea Belotti,Belotti,24,Attaccante,Punta centrale,Torino FC,Italia,Italia,830017,145898,34609,42180.4,4130000,10600000,242239,26018,90,77,54,1796,1180,24000,197,1070,163,70,675,167,108,143,206,336,1560,98,671,18,8,1,0,0,0,35,13,7,0,0,0,266,106,28,0,0,0,7.02,35000000
Felipe Anderson,Felipe Anderson,25,Attaccante,Ala sinistra,West Ham United,Inghilterra,Brasile,397592,68996,158358,23575.8,62200000,69000000,388881,9753,144,89,49,1227,449,1140,162,709,1220,55,2120,526,59,112,75,53,914,433,422,20,6,3,0,0,0,32,8,10,0,0,0,265,47,58,0,0,0,7.3,35000000
Jordan Pickford,Pickford,24,Portiere,Portiere,FC Everton,Inghilterra,Inghilterra,564582,3322,186878,92960.9,9770000,7510000,2211360,16860,77,65,70,47,1010,83,1091,1540,774,65,780,188,168,184,121,19,1450,948,788,18,0,0,0,0,0,46,0,0,0,0,0,245,0,1,0,0,0,6.54,35000000
Luis Alberto,Luis Alberto,26,Centrocampista,Trequartista,SS Lazio,Italia,Spagna,205843,,,11150.3,242000000,270000000,154180,18882,300,149,47,623,482,831,70,173,576,737,8770,7030,74,435,298,308,1800,2170,223,16,2,3,0,0,0,47,12,21,0,0,0,185,38,56,0,0,0,6.73,35000000
Kieran Trippier,Trippier,28,Difensore,Terzino destro,Tottenham Hotspur,Inghilterra,Inghilterra,431366,,257449,58606.2,2410000,1780000,1672798,13281,84,46,47,40,60,88,739,2130,664,37,1620,233,92,171,220,2,1080,1110,527,18,1,4,3,0,1,35,0,9,3,0,3,334,10,66,9,0,4,7.19,35000000
Pablo Sarabia,Sarabia,26,Centrocampista,Trequartista,FC Siviglia,Spagna,Spagna,135812,,92961,9065.3,7230000,11700000,82917,6938,66,30,10,65,33,92,24,89,60,1059,5800,1470,60,92,60,1,1220,787,387,27,15,8,0,0,0,53,9,10,10,1,2,272,50,50,18,2,3,7.22,35000000
Nacho Fernández,nacho fernandez,28,Difensore,Difensore centrale,Real Madrid CF,Spagna,Spagna,5231217,1945754,2368312,95635.4,15000000,20400000,407101,33690,39,36,44,20,8,8,25,36,51,322,2470,1600,28,58,70,31,984,677,257,13,0,0,3,0,0,42,4,0,8,1,0,193,9,6,30,2,1,6.68,35000000
Henrikh Mkhitaryan,Mkhitaryan,29,Centrocampista,Trequartista,FC Arsenal,Inghilterra,Armenia,2973508,3264181,1446732,71551.3,2980000,6370000,1230126,171266,765,1030,279,210,302,294,1811,8020,709,212,1190,413,4000,3190,289,209,1830,1830,1830,20,4,3,0,0,0,39,5,12,4,1,1,402,132,103,42,5,1,6.77,35000000
Nicolás Otamendi,Otamendi,30,Difensore,Difensore centrale,Manchester City,Inghilterra,Argentina,1984555,815011,560054,37911.2,3240000,3150000,322645,44918,192,116,120,131,118,228,564,713,553,740,2280,925,241,297,204,105,1440,473,715,14,0,1,3,0,0,46,5,0,8,1,0,381,24,12,46,1,0,7.16,35000000
Andrej Kramaric,Kramaric,27,Attaccante,Punta centrale,TSG 1899 Hoffenheim,Germania,Croazia,382419,9238,,27831.2,948000,1090000,352848,5408,450,585,253,67,58,64,64,197,180,44,454,113,73,176,83,1,476,95,175,20,11,3,6,5,1,42,13,9,0,0,0,295,137,45,6,5,1,6.89,35000000
Leonardo Bonucci,Bonucci,31,Difensore,Difensore centrale,Juventus FC,Italia,Italia,3320455,1773989,1554631,111790.2,6320000,12600000,640563,133634,342,302,260,2731,9080,10900,473,291,406,368,3210,869,405,606,558,765,3860,562,1890,21,1,3,6,0,3,51,2,1,0,0,0,495,30,13,54,2,4,6.89,35000000
Manuel Akanji,Akanji,23,Difensore,Difensore centrale,Borussia Dortmund,Germania,Svizzera,116055,15644,9361,16635,1140000,1580000,267328,1053,129,115,132,13,21,10,31,34,35,15,169,36,235,14,25,1,78,80,54,18,1,0,4,0,0,39,2,2,6,0,1,169,9,5,10,0,1,6.89,33000000
Iñigo Martínez,inigo martinez,27,Difensore,Difensore centrale,Athletic Bilbao,Spagna,Spagna,48370,13210,194916,5937.9,7850000,8680000,117789,279,54,3,3,18,10,4,46,59,75,989,2970,2440,6,57,79,39,637,86,152,16,0,1,0,0,0,32,1,1,0,0,0,302,18,7,5,0,0,6.6,32000000
Lucas Moura,Lucas Moura,26,Attaccante,Ala destra,Tottenham Hotspur,Inghilterra,Brasile,3886302,3417868,2923428,101846,28600000,26800000,888419,32380,107,68,59,78,76,96,370,930,324,263,969,607,284,464,343,1430,618,402,741,25,7,0,6,2,0,17,2,5,1,0,0,351,76,72,45,5,4,7,32000000
Jan Vertonghen,Vertonghen,31,Difensore,Difensore centrale,Tottenham Hotspur,Inghilterra,Belgio,789215,119989,881261,31119.2,2700000,2330000,386111,19137,168,97,77,93,96,232,636,839,746,128,583,375,394,334,161,8,1530,1490,690,12,1,0,3,0,0,48,1,1,6,0,1,500,42,16,25,0,1,6.86,32000000
Maximiliano Gómez,Maxi Gomez,22,Attaccante,Punta centrale,Celta de Vigo,Spagna,Uruguay,80519,,22431,6231.6,9960000,25500000,154659,989,39,39,2,158,96,363,15,134,30,202,3050,1010,172,118,50,6,387,171,134,16,8,4,0,0,0,39,18,5,0,0,0,107,55,21,0,0,0,7.11,30000000
Carlos Soler,Carlos Soler,21,Centrocampista,Centrocampista di destra,Valencia CF,Spagna,Spagna,112769,11993,32486,12062.7,18300000,20100000,62187,680,49,5,5,15,6,8,18,412,69,492,1420,812,45,62,79,5,379,259,65,23,2,5,6,2,3,37,1,5,0,0,0,133,12,11,6,2,3,6.66,30000000
Giovani Lo Celso,Lo Celso,22,Centrocampista,Centrale,Real Betis Balompié,Spagna,Argentina,718934,,119433,81500.6,2580000,40600000,421496,8408,62,52,73,28,72,158,54,57,111,446,2610,617,336,541,15700,1930,652,305,1040,21,8,2,0,0,0,48,6,7,7,0,2,119,17,22,7,0,2,7.24,30000000
Dayot Upamecano,Upamecano,20,Difensore,Difensore centrale,RasenBallsport Lipsia,Germania,Francia,38793,,,3259.8,181000,271000,85452,718,216,384,203,14,18,15,25,23,15,10,220,142,1240,1710,67,43,10,9,101,19,0,0,0,0,0,41,3,0,5,0,0,114,4,2,5,0,0,6.85,30000000
Yerry Mina,Yerry Mina,24,Difensore,Difensore centrale,FC Everton,Inghilterra,Colombia,3477376,117361,,130064.3,4230000,2920000,1483844,43043,41,50,63,40,51,8,244,228,386,216,10600,1150,31,72,111,368,458,593,509,7,0,0,0,0,0,6,0,1,0,0,0,132,16,4,0,0,0,6.62,30000000
Eric Bailly,Eric Bailly,24,Difensore,Difensore centrale,Manchester United,Inghilterra,Costa d'Avorio,2067545,862021,872832,87028.4,9260000,6590000,335682,10540,68,54,4,27,5,5,1047,1940,211,88,531,268,83,110,116,10,651,575,456,10,0,0,2,0,0,18,1,0,3,0,0,140,2,1,5,0,0,6.33,30000000
Presnel Kimpembe,Kimpembe,23,Difensore,Difensore centrale,FC Paris Saint-Germain,Francia,Francia,2267631,115895,154690,129412.9,1150000,1770000,421477,25529,83,48,32,43,29,43,92,81,236,26,469,181,825,2550,481,1010,212,203,1130,17,0,1,6,0,0,38,0,0,3,0,0,100,0,1,10,0,0,6.83,30000000
Álvaro Odriozola,Odriozola,23,Difensore,Terzino destro,Real Madrid CF,Spagna,Spagna,438608,7008,110636,63531.3,1660000,2710000,371255,8168,47,55,24,26,32,74,29,89,45,341,23000,2170,61,106,43,49,584,288,319,12,1,4,3,0,0,41,1,4,0,0,0,162,6,19,3,0,0,6.61,30000000
Ángel Correa,angel correa,23,Attaccante,Ala destra,Atlético de Madrid,Spagna,Argentina,545814,,165145,22471.5,25800000,53900000,205883,2881,104,10,61,130,6,39,68,1050,229,295,1740,190,66,82,141,1,960,251,525,26,3,3,6,0,1,56,9,9,6,0,1,223,40,44,26,1,2,6.72,30000000
Aleksandr Golovin,Golovin,22,Centrocampista,Trequartista,AS Monaco,Francia,Russia,495617,,,78247.6,1220000,2810000,515455,16576,83,40,10,65,58,65,99,378,138,58,492,657,167,150,203,3130,394,216,747,13,0,2,3,0,1,43,7,6,6,0,1,138,16,17,16,0,2,6.12,30000000
Gelson Martins,Gelson Martins,23,Attaccante,Ala destra,Atlético de Madrid,Spagna,Portogallo,219214,77176,25986,14241.6,3240000,3090000,292179,2257,62,80,24,43,69,39,101,59,38,75,1200,208,50,62,113,3,304,104,267,12,1,0,2,0,0,52,13,13,6,1,2,192,34,40,14,1,2,6.39,30000000
Nicolò Barella,Barella,21,Centrocampista,Centrale,Cagliari Calcio,Italia,Italia,79652,,,14677.3,315000,8590000,95054,4979,14,10,3,866,1440,1640,19,39,39,12,154,10,7,27,9,4,697,113,67,18,1,0,0,0,0,35,6,0,0,0,0,149,11,3,0,0,0,6.81,30000000
Iñaki Williams,inaki williams,24,Attaccante,Ala destra,Athletic Bilbao,Spagna,Spagna,130878,40494,64666,11870.1,1650000,433000,160455,381,26,2,3,14,7,10,42,126,60,293,1030,1290,8,58,70,3,390,37,212,19,6,2,0,0,0,52,10,8,0,0,0,214,61,31,0,0,0,6.82,30000000
Keita Baldé,Keita Baldé,23,Attaccante,Ala sinistra,FC Internazionale,Italia,Senegal,554661,188378,103428,40083.8,2540000,4320000,263621,6900,40,70,8,160,241,3550,67,90,72,62,324,915,216,345,213,122,444,140,446,20,3,2,4,0,0,33,8,11,6,0,2,211,58,40,10,0,2,6.68,30000000
Nélson Semedo,nelson semedo,25,Difensore,Terzino destro,FC Barcellona,Spagna,Portogallo,1744757,324472,68510,89683.6,445000,2990000,291922,9556,81,38,7,28,58,6,104,70,44,48,1080,314,379,64,48,144,232,193,272,18,0,0,4,0,0,36,0,2,7,0,0,182,8,23,22,1,0,6.77,30000000
Thilo Kehrer,Thilo Kehrer,22,Difensore,Difensore centrale,FC Paris Saint-Germain,Francia,Germania,287443,27740,21900,36391.8,680000,799000,189628,4264,313,388,223,9,5,7,10,23,37,7,143,50,62,89,96,604,62,55,138,18,0,0,5,0,0,33,3,2,0,0,0,196,12,12,5,0,0,6.79,30000000
Hakim Ziyech,Hakim Ziyech,25,Centrocampista,Trequartista,AFC Ajax Amsterdam,Olanda,Marocco,1032209,166783,,103945.9,1630000,1480000,267147,9623,28,8,7,25,3200,5,25,117,66,14,171,74,77,62,31,7,123,79,114,25,12,10,5,0,1,39,9,18,0,0,0,280,93,90,5,0,1,7,30000000
André Silva,André Silva,23,Attaccante,Punta centrale,FC Siviglia,Spagna,Portogallo,1702644,343539,240381,124646.2,115000000,154000000,536982,34347,569,230,138,318,679,899,354,945,607,249,3040,1320,456,924,365,427,1570,810,1150,23,9,2,0,0,0,40,10,2,0,0,0,211,71,20,8,4,2,7.21,30000000
Ante Rebic,Ante Rebic,25,Attaccante,Seconda punta,Eintracht Francoforte,Germania,Croazia,553170,,,69237.3,1160000,1760000,588019,12164,387,440,199,20,10,6,64,116,59,28,332,90,55,102,25,5,242,142,97,17,5,2,0,0,0,28,9,3,0,0,0,163,36,13,0,0,0,7.16,30000000
Jean Michaël Seri,Jean Seri,27,Centrocampista,Centrale,FC Fulham,Inghilterra,Costa d'Avorio,60507,,,7657.1,99800000,22300000,133220,377,14,598,423,20,5,36,188,183,492,27,901,1630,220,339,3770,595,1080,2380,1980,19,1,2,0,0,0,43,2,10,0,0,0,227,19,36,0,0,0,6.57,30000000
Serge Gnabry,Gnabry,23,Attaccante,Ala sinistra,FC Bayern Monaco,Germania,Germania,758908,520043,506275,35045.4,1420000,1820000,367739,10013,641,1280,844,56,103,103,87,200,286,42,581,81,409,702,91,3,331,1540,828,20,4,4,5,0,1,27,10,8,0,0,0,151,45,26,8,0,1,7.02,30000000
Wissam Ben Yedder,Ben Yedder,28,Attaccante,Punta centrale,FC Siviglia,Spagna,Francia,186500,46998,94451,15233.7,647000,2150000,501615,6296,68,65,111,104,83,64,61,162,108,377,2960,646,1120,1190,461,8070,964,969,2700,25,14,7,0,0,0,42,22,5,9,8,0,283,125,40,14,10,0,7.33,30000000
Wilfried Zaha,Zaha,26,Attaccante,Ala destra,Crystal Palace,Inghilterra,Costa d'Avorio,522934,328647,835851,20691.9,5330000,16100000,713870,2073,23,132,98,41,148,90,719,1120,911,29,243,74,125,92,108,8,897,348,583,15,3,3,0,0,0,29,9,5,0,0,0,322,47,59,0,0,0,6.98,30000000
Alessandro Florenzi,Florenzi,27,Difensore,Terzino destro,AS Roma,Italia,Italia,1129748,994405,677395,57079.2,1590000,2560000,119887,50946,165,53,73,1962,672,2790,44,205,172,166,540,329,139,201,183,45,1570,150,380,20,2,2,6,0,1,42,1,4,10,0,0,353,69,33,30,1,1,6.95,30000000
Geoffrey Kondogbia,Kondogbia,25,Centrocampista,Centrale,Valencia CF,Spagna,Repubblica Centrafricana,316426,118753,170493,15472.5,824000,1500000,193779,11585,61,9,7,849,266,1110,58,110,158,511,2420,651,394,833,381,380,1070,99,908,15,0,0,5,0,0,36,4,4,0,0,0,250,11,15,13,1,0,6.8,30000000
Paco Alcácer,paco alcacer,25,Attaccante,Punta centrale,Borussia Dortmund,Germania,Spagna,1628782,151089,289700,178472.4,2110000,5320000,584797,52055,244,320,283,108,61,230,133,333,262,882,5560,1540,99,204,210,219,1190,550,958,16,13,1,4,1,1,23,7,4,2,1,0,215,75,27,14,2,2,7.32,30000000
Willian José,Willian José,27,Attaccante,Punta centrale,Real Sociedad,Spagna,Brasile,84582,,108691,4067.9,21400000,14700000,113239,870,103,100,66,25,105,196,340,38700,856,435,1330,2200,176,233,233,199,1530,870,418,16,3,0,0,0,0,40,20,4,0,0,0,268,76,16,0,0,0,6.66,30000000
Emre Can,Emre Can,24,Centrocampista,Mediano,Juventus FC,Italia,Germania,2317273,980530,47747,127806.4,62900000,70200000,705015,81537,481,962,743,282,450,417,561,755,819,138,1220,312,104,189,183,642,2850,385,935,14,0,1,3,0,0,38,6,5,8,1,0,301,26,20,20,1,1,6.71,30000000
Ander Herrera,Ander Herrera,29,Centrocampista,Centrale,Manchester United,Inghilterra,Spagna,3582588,1056778,2492380,87623.5,17100000,16300000,324179,71436,119,103,10,106,146,278,1000,717,648,978,1510,1360,93,102,119,5170,1400,347,605,13,2,1,1,0,0,39,2,2,6,0,0,388,36,47,10,0,0,6.83,30000000
Gylfi Sigurdsson,Sigurdsson,29,Centrocampista,Trequartista,FC Everton,Inghilterra,Islanda,222142,,,17965.4,2190000,9780000,408807,11184,1154,707,461,91,108,151,650,2590,1120,158,534,450,134,264,143,1,1550,365,571,19,8,2,0,0,0,33,6,5,0,0,0,376,100,61,0,0,0,7.17,30000000
Julian Draxler,Draxler,25,Centrocampista,Trequartista,FC Paris Saint-Germain,Francia,Germania,3822996,1915990,,127197.6,4910000,6120000,455624,72327,1435,4010,4180,263,208,451,340,405,391,286,1240,620,736,1080,1230,4260,1350,381,1760,21,3,5,5,0,1,47,5,10,8,0,2,366,81,65,47,8,8,7.09,30000000
Victor Wanyama,Wanyama,27,Centrocampista,Mediano,Tottenham Hotspur,Inghilterra,Kenia,335839,,355456,18824.6,1140000,6840000,240008,16820,48,37,4,22,30,74,396,777,640,33,277,119,92,109,72,7,1120,255,281,7,0,0,1,0,0,24,1,0,1,0,0,320,25,13,14,1,0,6.5,30000000
Steven Nzonzi,Nzonzi,29,Centrocampista,Mediano,AS Roma,Italia,Francia,345667,42260,,51631.8,67700,1140000,638688,10324,22,65,104,175,239,246,37,310,302,107,2900,2430,365,609,294,707,1400,190,756,21,1,0,6,0,0,44,1,2,8,0,0,412,22,20,27,1,0,7.01,30000000
Dries Mertens,Dries Mertens,31,Attaccante,Punta centrale,SSC Napoli,Italia,Belgio,1347169,944060,783335,132070.8,12700000,6840000,573574,24767,173,155,70,334,331,680,217,356,253,82,351,438,269,219,163,59,1280,318,805,22,10,5,6,3,0,49,22,12,6,2,4,508,195,154,26,10,10,7.11,30000000
Diego Godín,godin,32,Difensore,Difensore centrale,Atlético de Madrid,Spagna,Uruguay,1405333,1027193,557460,37271.2,3170000,41100000,472836,7332,283,117,301,224,471,334,185,230,397,3118,6880,1230,2200,6970,2050,200,3430,395,1710,18,2,1,4,0,0,45,1,0,4,0,0,484,29,18,57,3,1,6.88,30000000
Mateo Kovacic,Kovacic,24,Centrocampista,Centrale,Chelsea FC,Inghilterra,Croazia,4447232,1036890,637324,164007,3660000,11800000,858114,145563,245,175,195,572,564,1960,358,423,306,667,9780,1580,173,330,256,545,2110,1830,858,22,0,1,0,0,0,36,0,3,7,0,1,292,18,31,33,3,1,6.72,30000000
Danny Rose,Danny Rose,28,Difensore,Terzino sinistro,Tottenham Hotspur,Inghilterra,Inghilterra,,,,,156000000,150000000,397178,12640,171,110,86,29,74,155,1351,1520,2140,43,443,198,42,399,200,1060,1710,2950,625,12,0,2,2,0,0,17,0,1,3,0,0,233,11,27,8,0,1,6.7,30000000
Juan Mata,Juan Mata,30,Centrocampista,Trequartista,Manchester United,Inghilterra,Spagna,5051117,9414907,7642054,120868.2,116000000,79000000,728671,92661,300,259,119,51,158,144,1225,9450,1180,1139,4760,1510,141,300,441,420,2150,485,1050,18,4,2,5,1,0,40,3,7,6,0,1,514,122,145,44,8,12,6.67,30000000
Marek Hamsik,Hamsik,31,Centrocampista,Centrale,SSC Napoli,Italia,Slovacchia,533712,625468,,48392.8,3410000,8900000,309024,86238,300,125,97,2081,1800,3580,114,345,234,287,1090,376,377,316,239,80,1610,78,981,17,1,1,6,1,1,49,7,3,6,0,1,592,133,111,32,5,5,6.69,30000000
David Silva,David Silva,32,Centrocampista,Trequartista,Manchester City,Inghilterra,Spagna,1127144,2431234,3790987,59564.8,269000000,219000000,942447,47167,981,518,298,304,448,926,1296,3960,2930,1348,7390,2850,2760,7250,1240,1500,3390,3180,1540,20,8,4,5,3,2,40,10,14,7,0,2,566,104,152,62,10,15,7.5,30000000
Axel Witsel,Witsel,29,Centrocampista,Mediano,Borussia Dortmund,Germania,Belgio,930165,776450,497577,48131.8,3590000,3020000,775416,13705,228,423,622,436,2710,644,142,131,265,226,7240,325,204,326,434,232,894,342,688,24,3,1,5,1,0,18,2,1,0,0,0,497,81,43,45,3,3,7.17,30000000
Blaise Matuidi,Matuidi,31,Centrocampista,Centrale,Juventus FC,Italia,Francia,4574944,2095593,2754718,99739.7,4550000,10300000,683576,69866,231,141,158,766,560,23400,281,289,442,305,1270,701,3520,5620,2520,26100,1840,241,2900,21,2,2,5,0,1,49,4,3,9,1,0,585,46,43,59,7,10,6.94,30000000
Hugo Lloris,Hugo Lloris,31,Portiere,Portiere,Tottenham Hotspur,Inghilterra,Francia,1025730,,,189667.9,7860000,6090000,879715,19054,210,230,139,43,41,46,775,940,797,175,652,346,1110,1260,1050,986,1510,549,1370,18,0,0,4,0,0,43,0,0,7,0,0,552,0,2,53,0,1,7.08,30000000
Manuel Neuer,Neuer,32,Portiere,Portiere,FC Bayern Monaco,Germania,Germania,10441792,9133975,4062339,185831.7,25700000,11000000,1146002,349553,2003,3760,2320,342,365,6810,361,389,1080,1053,3260,1390,735,2110,669,447,2480,515,4070,26,0,0,6,0,0,4,0,0,1,0,0,583,0,0,98,0,0,6.08,30000000
James Maddison,James Maddison,22,Centrocampista,Trequartista,Leicester City,Inghilterra,Inghilterra,134386,,61320,27659.8,9190000,7630000,536085,3628,8,4,1,2,5,4,193,3390,335,6,82,24,20,9,13,1,278,219,75,18,5,3,0,0,0,49,15,11,0,0,0,131,29,29,0,0,0,7.12,28000000
Lorenzo Pellegrini,Lorenzo Pellegrini,22,Centrocampista,Centrale,AS Roma,Italia,Italia,273061,,18449,21918.2,14000000,14800000,202643,2132,65,3,7,332,263,694,44,128,76,23,1460,141,28,34,31,33,444,129,139,14,2,5,4,1,3,37,3,5,8,0,1,172,30,19,12,1,4,7.05,28000000
Rúben Dias,ruben dias,21,Difensore,Difensore centrale,Benfica Lisbona,Portogallo,Portogallo,149620,23709,,15664.4,69800000,46100000,103196,433,32,4,25,10,21,5,13,19,9,184,8440,2470,24,60,48,32,471,147,94,26,0,1,5,0,0,31,4,0,2,0,0,125,4,3,7,0,0,6.81,28000000
Joe Gomez,Joe Gomez,21,Difensore,Difensore centrale,FC Liverpool,Inghilterra,Inghilterra,802837,39270,388677,71070.8,82200000,66500000,478320,9147,119,116,68,14,21,3,407,762,538,21,606,153,58,147,40,3,622,705,281,18,0,0,5,0,0,31,0,2,5,0,0,91,1,4,10,0,0,6.79,28000000
Rony Lopes,Rony Lopes,22,Attaccante,Ala destra,AS Monaco,Francia,Portogallo,81477,44801,49367,3932.4,2930000,6790000,120528,975,19,2,2,17,39,7,16,63,39,7,175,78,258,676,308,98,102,79,333,5,1,0,0,0,0,50,17,12,5,1,1,180,46,40,5,1,1,7.26,28000000
Alassane Plea,Plea,25,Attaccante,Punta centrale,Borussia Mönchengladbach,Germania,Francia,100946,12420,30338,16205.5,455000,67200000,134533,14486,98,224,60,72,63,62,9,74,45,98,309,58,826,1180,259,101,900,1130,936,18,12,3,0,0,0,49,21,7,0,0,0,181,60,27,0,0,0,7.09,28000000
Rafinha,Rafinha Alcantara,25,Centrocampista,Centrale,FC Barcellona,Spagna,Brasile,3526186,3005150,1292455,126213.4,11000000,887000,528578,17569,256,62,38,34,1178,1347,17,501,56,236,606,717,150,74,62,67,1820,151,180,8,1,0,2,1,0,18,2,3,0,0,0,221,37,26,18,1,2,6.67,28000000
Juan Cuadrado,Cuadrado,30,Attaccante,Ala destra,Juventus FC,Italia,Colombia,6928112,4933923,3840487,181269.1,46500000,176000000,524730,124724,211,137,180,1542,3420,21500,216,301,432,1206,8130,1070,1670,8830,245,245,15500,297,1170,16,1,4,5,0,2,29,5,10,6,1,1,310,43,56,32,3,4,6.89,28000000
Oscar Dos Santos,Oscar Dos Santos,27,Centrocampista,Trequartista,Shanghai SIPG,Cina,Brasile,5437958,10620433,4508074,33853,1310000000,79500000,608270,2230,19,3,2,2,4,7,10,34,224,169,1980,609,23,6,20,4,208,550,8,0,0,0,0,0,0,40,16,24,0,0,0,346,78,97,30,8,8,8.16,28000000
Kevin Strootman,Strootman,28,Centrocampista,Centrale,Olympique Marsiglia,Francia,Olanda,619862,620908,681480,21236.8,1950000,3890000,199228,28542,107,45,7,1428,957,1790,59,259,238,89,373,173,224,362,620,5080,978,154,1090,18,0,2,0,0,0,44,1,1,11,0,1,337,41,70,12,0,1,6.85,28000000
Jordan Henderson,Jordan Henderson,28,Centrocampista,Centrale,FC Liverpool,Inghilterra,Inghilterra,2270540,1370888,671800,86238.1,67800000,63800000,822024,21337,193,90,107,18,25,200,914,1280,1110,75,412,258,82,204,162,7,2080,3000,650,20,0,0,4,0,0,41,1,2,10,0,0,392,30,53,19,1,0,6.41,28000000
Cengiz Ünder,Cengiz Ünder,21,Attaccante,Ala destra,AS Roma,Italia,Turchia,724331,46930,146758,139861.8,10200000,9220000,327399,11716,60,38,6,94,142,6750,44,513,152,8,242,50,1540,1260,39,9,458,196,520,21,5,6,6,3,2,32,8,2,5,1,1,154,33,24,11,4,3,6.83,27000000
Hakan Calhanoglu,Hakan Calhanoglu,24,Attaccante,Ala sinistra,AC Milan,Italia,Turchia,1901492,1212332,284947,125490.2,1370000,1290000,228729,30069,639,636,249,35,151,646,61,101,182,57,414,227,10,74,51,1,666,233,326,20,1,8,0,0,0,45,8,13,0,0,0,321,71,74,20,5,9,6.86,27000000
Bruno Fernandes,Bruno Fernandes,24,Centrocampista,Trequartista,Sporting CP,Portogallo,Portogallo,174297,41485,32305,20362.6,47100000,39300000,175089,2847,91,125,84,230,124,449,60,88,48,47,1130,178,40,89,39,1,438,83,120,25,13,8,0,0,0,56,16,20,6,1,1,245,54,46,6,1,1,7.4,26000000
Yacine Brahimi,Brahimi,28,Attaccante,Ala sinistra,FC Porto,Portogallo,Algeria,598588,504716,79816,35933,1340000,4080000,111709,1977,37,9,1,11,3,113,29,71,119,126,139,169,328,284,180,975,210,46,180,22,5,5,5,0,2,49,12,10,7,1,1,340,66,51,31,8,7,7.29,26000000
David Neres,David Neres,21,Attaccante,Ala destra,AFC Ajax Amsterdam,Olanda,Brasile,505225,77535,,45567.8,3000000,2290000,137871,2651,12,3,7,15,4,9,13,32,7,4,73,26,4,9,7,2,30,8,30,28,4,10,6,0,1,38,15,14,0,0,0,90,27,28,6,0,1,6.96,25000000
Paulinho,Paulinho,18,Attaccante,Ala sinistra,Bayer 04 Leverkusen,Germania,Brasile,381686,34700,16875,49090.5,18500000,13500000,101792,189102,390,212,3400,198,339,882,289,345,595,574,6450,1930,138,491,286,381,1360,410,1120,12,1,0,0,0,0,6,2,2,0,0,0,36,6,3,0,0,0,5.93,25000000
Santiago Ascacíbar,Ascacibar,21,Centrocampista,Mediano,VfB Stoccarda,Germania,Argentina,63868,,,9075.9,788000,254000,50764,1082,137,205,91,9,1,4,5,4,4,8,164,22,28,12,1,1,6,8,4,16,0,0,0,0,0,31,0,1,0,0,0,95,0,1,0,0,0,6.64,25000000
Nikola Milenkovic,Milenkovic,21,Difensore,Difensore centrale,ACF Fiorentina,Italia,Serbia,46212,,,8174.7,1690000,4160000,103957,929,23,25,7,181,2240,224,38,97,155,14,472,48,27,1640,33,11,157,1310,44,16,2,0,0,0,0,17,0,0,0,0,0,77,6,1,0,0,0,6.92,25000000
Lautaro Martínez,lautaro martinez,21,Attaccante,Punta centrale,FC Internazionale,Italia,Argentina,1044496,38143,,149064.1,7400000,11100000,424787,18047,21,20,7,156,200,4650,21,202,25,59,891,184,27,38,53,10,370,246,521,13,2,1,3,0,0,27,18,5,0,0,0,71,28,7,3,0,0,6.58,25000000
Amine Harit,Amine Harit,21,Centrocampista,Trequartista,FC Schalke 04,Germania,Marocco,807422,175407,87675,59124.7,672000,659000,123294,6625,148,275,101,2,3,2,15,37,18,7,159,35,199,134,66,88,51,40,103,18,1,3,4,0,0,35,3,7,0,0,0,87,5,11,4,0,0,6.89,25000000
Pablo Fornals,Fornals,22,Centrocampista,Trequartista,Villarreal CF,Spagna,Spagna,41119,,12388,4215.8,405000,647000,66882,1048,14,8,1,14,8,6,16,41,23,184,2530,649,7,34,22,3,408,57,227,24,3,3,0,0,0,46,4,13,0,0,0,133,14,19,0,0,0,6.82,25000000
André Zambo Anguissa,Anguissa,23,Centrocampista,Mediano,FC Fulham,Inghilterra,Camerun,69627,,,10035.8,356000,565000,74364,857,20,6,2,9,94,5,23,87,49,9,191,27,278,499,243,303,127,41,419,14,0,0,0,0,0,56,0,0,0,0,0,120,0,2,0,0,0,5.93,25000000
Lucas Tousart,Tousart,21,Centrocampista,Mediano,Olympique Lione,Francia,Francia,91013,5282,44726,7905.9,260000,397000,43265,1132,16,7,4,25,20,9,9,27,27,4,242,65,540,631,3030,424,64,9,510,21,0,0,5,0,0,50,0,0,0,0,0,129,2,3,6,0,0,6.73,25000000
Fabián Ruiz,fabian ruiz,22,Centrocampista,Centrale,SSC Napoli,Italia,Spagna,219725,,52115,33354.7,23300000,21700000,135178,3895,37,2,4,141,267,224,9,59,33,94,531,123,52,41,21,6,281,86,100,15,3,0,6,0,0,35,3,6,0,0,0,115,10,9,6,0,0,7.34,25000000
Nicolas Pépé,Nicolas Pépé,23,Attaccante,Ala destra,LOSC Lilla,Francia,Costa d'Avorio,47899,,,9514.4,28400000,27400000,107068,332,18,67,10,16,9,8,85,253,170,16,1030,183,303,410,270,879,215,171,441,20,12,7,0,0,0,38,14,5,0,0,0,135,36,16,0,0,0,7.47,25000000
Moussa Marega,Marega,27,Attaccante,Seconda punta,FC Porto,Portogallo,Mali,160511,,17783,16884,376000,2060000,128824,3655,28,24,5,6,24,81,21,34,34,32,4130,64,98,255,8,5,107,56,87,21,14,6,6,5,2,40,23,8,6,0,2,142,67,30,12,5,4,7.35,25000000
Giovanni Simeone,Giovanni Simeone,23,Attaccante,Punta centrale,ACF Fiorentina,Italia,Argentina,374595,51428,208331,22327.8,4780000,5340000,317301,1396,32,34,6,166,315,1440,40,97,49,85,589,252,44,74,118,453,405,132,208,17,4,3,0,0,0,41,15,5,0,0,0,158,48,13,0,0,0,6.9,25000000
Jean-Kévin Augustin,Jean Augustin,21,Attaccante,Punta centrale,RasenBallsport Lipsia,Germania,Francia,258623,32698,37797,4750.5,548000,71100000,103668,508,177,263,197,17,1,7,26,81,95,12,290,163,209,469,267,514,130,39,390,24,8,2,0,0,0,37,12,6,5,1,0,112,34,13,7,1,0,6.46,25000000
Jefferson Lerma,Lerma,24,Centrocampista,Mediano,AFC Bournemouth,Inghilterra,Colombia,46091,,6447,3562.2,965000,15900000,137665,27103,17,2,8,10,2,7,61,234,95,264,5150,1220,78,45,19,1,252,58,120,16,1,1,0,0,0,28,0,1,0,0,0,158,8,8,0,0,0,7.02,25000000
Talisca,Talisca,24,Centrocampista,Trequartista,Guangzhou Evergrande Taobao,Cina,Brasile,566183,,,17370.7,2410000,2310000,287288,100939,33,44,5,37,33,50,35,54,55,62,196,128,51,140,75,7,487,37,221,0,0,0,0,0,0,65,36,16,8,4,0,208,77,28,22,8,0,5.93,25000000
Alex Telles,Alex Telles,25,Difensore,Terzino sinistro,FC Porto,Portogallo,Brasile,751898,146669,,18682.8,9650000,461000000,96766,28725,26,4,2,81,39,348,23,24,34,54,509,78,10,115,35,53,664,62,84,24,1,6,6,0,2,45,4,20,7,1,2,233,9,46,27,1,6,7.46,25000000
Abdou Diallo,Diallo,22,Difensore,Difensore centrale,Borussia Dortmund,Germania,Francia,,,,,3150000,21400000,136375,5554,259,403,143,56,90,101,31,71,219,65,592,163,921,1600,426,194,239,936,571,20,1,0,5,0,0,30,3,1,0,0,0,109,7,2,6,0,0,6.9,25000000
Wendell,Wendell,25,Difensore,Terzino sinistro,Bayer 04 Leverkusen,Germania,Brasile,75640,5311,,2855.2,41100000,38000000,34761,31129,423,423,200,44,67,80,43,68,384,50,489,147,9,87,42,81,215,943,84,23,1,1,0,0,0,30,3,3,0,0,0,202,7,12,16,0,2,6.83,25000000
Lucas Vázquez,Lucas Vazquez,27,Attaccante,Ala destra,Real Madrid CF,Spagna,Spagna,7136164,2709217,1047135,200357.9,17600000,28100000,412608,68961,167,144,144,185,218,291,173,450,270,851,14300,2170,133,125,210,99,1730,558,786,22,2,2,4,1,1,53,8,16,10,1,3,265,34,61,31,3,7,6.63,25000000
Elseid Hysaj,Hysaj,24,Difensore,Terzino destro,SSC Napoli,Italia,Albania,218212,,,14667.1,1530000,2440000,108605,4995,52,7,2,889,352,5680,51,47,55,27,416,126,102,102,52,39,682,1170,73,18,0,1,3,0,0,47,0,1,6,0,0,289,2,9,16,0,0,6.71,25000000
Bryan Cristante,Cristante,23,Centrocampista,Centrale,AS Roma,Italia,Italia,146485,,112823,22178.6,511000,3590000,144692,7148,49,9,6,548,428,1080,25,47,42,171,548,89,44,92,70,8,706,3820,130,21,3,2,5,0,0,47,12,4,0,0,0,186,27,10,11,0,0,6.71,25000000
Mattia Caldara,Caldara,24,Difensore,Difensore centrale,AC Milan,Italia,Italia,479254,,,56902.9,686000,4900000,295390,13056,29,22,7,649,450,975,40,51,59,112,217,33,37,46,77,24,747,68,125,1,0,0,0,0,0,34,3,4,0,0,0,183,20,4,0,0,0,5.93,25000000
Julian Weigl,Julian Weigl,23,Centrocampista,Mediano,Borussia Dortmund,Germania,Germania,559353,209683,143274,21727.4,1280000,2450000,118819,11650,515,659,528,31,4,8,67,67,90,18,488,180,136,71,119,38100,251,130,152,9,1,0,3,0,0,34,1,0,5,0,0,253,8,5,17,1,0,6.59,25000000
Alejandro Grimaldo,Grimaldo,23,Difensore,Terzino sinistro,Benfica Lisbona,Portogallo,Spagna,313722,37454,83393,15999.2,879000,5580000,70538,3325,15,15,5,193,35,19,28,23,48,294,395,770,21,33,22,6,140,30,133,25,4,3,6,2,0,37,1,5,4,0,0,215,17,27,14,2,0,7.2,25000000
Ben Davies,Ben Davies,25,Difensore,Terzino sinistro,Tottenham Hotspur,Inghilterra,Galles,225142,,176193,13192.8,88400000,66300000,147546,2913,84,41,3,49,166,220,539,1300,3110,26,746,127,5,108,56,3,1300,540,250,21,0,1,5,0,1,38,2,6,5,0,0,244,7,19,13,0,1,6.87,25000000
Stanislav Lobotka,Lobotka,24,Centrocampista,Mediano,Celta de Vigo,Spagna,Slovacchia,24223,,,3499.8,309000,1280000,54635,520,14,4,1,17,20,9,6,35,9,113,463,246,30,15,9,107,260,29,5,12,0,1,0,0,0,41,0,0,0,0,0,229,6,13,0,0,0,6.72,25000000
Victor Lindelöf,Lindelöf,24,Difensore,Difensore centrale,Manchester United,Inghilterra,Svezia,1118917,62300,249234,129585.7,1410000,11300000,349372,46071,87,62,50,87,92,261,737,61500,322,55,594,139,122,167,106,341,1590,165,190,17,0,0,3,0,0,29,0,0,5,0,0,255,5,5,20,0,0,6.52,25000000
Jean-Philippe Gbamin,Gbamin,23,Centrocampista,Mediano,1.FSV Magonza 05,Germania,Costa d'Avorio,17104,2613,422342,2174.5,172000,237000,21229,194,262,422,134,4,1,3,1,5,1,6,140,2,50,223,7,3,4,3,9,17,2,0,0,0,0,31,1,3,0,0,0,177,7,5,0,0,0,6.7,25000000
Nathan Aké,Nathan Aké,23,Difensore,Difensore centrale,AFC Bournemouth,Inghilterra,Olanda,650814,363958,293063,13990.4,1240000,4210000,233317,3059,26,6,5,5,43,21,270,344,331,16,117,158,4,57,8,1,400,80,131,19,1,0,0,0,0,40,2,3,0,0,0,169,11,9,1,0,1,6.78,25000000
Matteo Politano,Politano,25,Attaccante,Ala destra,FC Internazionale,Italia,Italia,267371,22124,17595,57867.5,955000,3820000,149947,9952,35,5,6,804,724,3040,11,201,52,317,306,78,116,88,41,1,677,150,195,23,2,4,6,0,1,39,11,5,0,0,0,296,57,29,6,0,1,6.94,25000000
Matías Vecino,Vecino,27,Centrocampista,Centrale,FC Internazionale,Italia,Uruguay,228512,29893,47969,34086.8,4390000,56500000,171665,62448,67,18,10,798,584,1190,51,93,78,1158,3400,1640,91,112,52,2,1080,873,317,17,1,4,5,1,1,31,3,3,0,0,0,235,21,22,5,1,1,6.61,25000000
Ross Barkley,Ross Barkley,25,Centrocampista,Trequartista,Chelsea FC,Inghilterra,Inghilterra,689678,,489651,61834.6,12900000,11800000,702882,6817,50,87,51,19,25,6,801,3920,1110,41,167,154,35,116,93,40,1170,365,381,22,3,4,0,0,0,5,0,0,0,0,0,251,41,36,0,0,0,6.7,25000000
Simone Verdi,Simone Verdi,26,Attaccante,Ala destra,SSC Napoli,Italia,Italia,132188,,,22453.5,14400000,15300000,140047,1520,23,4,4,222,304,380,15,41,41,23,154,83,7,39,9,3,361,54,154,6,1,1,1,0,0,35,10,10,0,0,0,255,49,32,1,0,0,6.66,25000000
Dennis Praet,Dennis Praet,24,Centrocampista,Centrale,UC Sampdoria,Italia,Belgio,82155,120655,70680,6052.6,489000,409000,53176,1186,22,1,1,46,42,8,11,57,27,25,242,70,4,9,2,1,151,8,4,16,1,2,0,0,0,35,1,3,0,0,0,270,30,45,17,1,2,6.9,25000000
Faouzi Ghoulam,Ghoulam,27,Difensore,Terzino sinistro,SSC Napoli,Italia,Algeria,585066,,1540606,37448.7,478000,1870000,78730,10162,38,5,6,923,607,1120,57,45,98,46,388,259,146,248,172,438,690,6,230,4,0,2,1,0,0,17,2,5,4,0,1,254,3,35,13,0,4,7.72,25000000
Matthias Ginter,Matthias Ginter,24,Difensore,Difensore centrale,Borussia Mönchengladbach,Germania,Germania,331649,261335,110829,12331.9,1060000,1130000,123226,5363,801,918,471,10,6,9,30,98,70,12,88,62,85,57,79,1,140,62,195,14,1,0,0,0,0,37,5,2,0,0,0,298,42,16,13,0,1,7.04,25000000
Emil Forsberg,Emil Forsberg,27,Attaccante,Ala sinistra,RasenBallsport Lipsia,Germania,Svezia,121510,,15826,18562.1,2860000,2370000,266569,1866,456,532,365,16,19,19,90,107,87,17,193,56,46,78,61,2,287,69,206,12,3,3,0,0,0,33,5,4,5,2,0,317,75,65,11,2,1,7.01,25000000
Marcel Sabitzer,Sabitzer,24,Attaccante,Ala destra,RasenBallsport Lipsia,Germania,Austria,71678,21555,,7847.6,450000,715000,47845,1084,380,372,269,5,5,3,18,44,28,7,141,6,54,38,26,1,117,3,77,24,3,4,0,0,0,34,5,9,5,0,3,341,102,59,5,0,3,6.85,25000000
Thorgan Hazard,Thorgan Hazard,25,Attaccante,Ala sinistra,Borussia Mönchengladbach,Germania,Belgio,457000,,271127,51147.8,1400000,1610000,643693,6599,452,637,251,19,19,54,77,142,67,48,220,153,125,123,173,56,227,68,359,19,12,7,0,0,0,37,11,9,0,0,0,272,66,69,8,1,1,7.79,25000000
Thomas Meunier,Meunier,27,Difensore,Terzino destro,FC Paris Saint-Germain,Francia,Belgio,851612,128650,306384,20003.8,13100000,20500000,367682,21350,151,98,61,100,71,105,159,122,259,96,1900,273,2590,5260,1070,1430,534,348,951,16,3,4,4,1,2,34,5,6,1,0,0,289,30,39,11,2,4,7.24,25000000
Shkodran Mustafi,Shkodran Mustafi,26,Difensore,Difensore centrale,FC Arsenal,Inghilterra,Germania,1246455,979694,689524,80274.5,2350000,2020000,384173,5080,379,849,592,27,91,701,672,3280,248,108,318,256,61,130,97,4,923,243,370,18,2,0,0,0,0,38,3,2,0,0,0,303,19,10,12,0,0,7.2,25000000
Sime Vrsaljko,Vrsaljko,26,Difensore,Terzino destro,FC Internazionale,Italia,Croazia,627490,,26098,117498.4,1240000,2270000,458282,15834,100,50,103,565,327,926,93,172,75,321,3030,1170,92,220,134,21,1160,186,535,11,0,1,2,0,0,29,0,5,1,0,0,260,2,34,14,0,1,7.06,25000000
Iago Aspas,Iago Aspas,31,Attaccante,Punta centrale,Celta de Vigo,Spagna,Spagna,184494,,262502,14715.7,2890000,2630000,489044,5644,86,33,50,109,51,110,120,199,256,1253,5420,1570,403,229,109,119,2740,1060,481,19,11,2,0,0,0,37,23,5,0,0,0,367,144,32,0,0,0,7.45,25000000
Vitolo,Vitolo,29,Attaccante,Ala sinistra,Atlético de Madrid,Spagna,Spagna,256149,37024,148078,12210.8,8090000,5040000,152278,6985,131,9,7,185,48,120,71,248,98,2132,5190,2350,114,145,119,3,1130,263,751,13,1,2,3,0,0,34,4,2,0,0,0,314,59,54,16,1,2,5.93,25000000
Pedro Rodriguez,Pedro Rodriguez,31,Attaccante,Ala sinistra,Chelsea FC,Inghilterra,Spagna,5480482,5348928,6606,63950.7,1210000000,146000000,202740,11840,71,88,51,71,102,342,39,2570,335,694,4790,3260,10,190,121,59,966,1590,277,25,6,2,0,0,0,48,7,5,7,1,2,477,133,83,73,16,11,7.12,25000000
Asier Illarramendi,Illarramendi,28,Centrocampista,Mediano,Real Sociedad,Spagna,Spagna,714661,123301,418659,3574.6,589000,1070000,105389,1044,50,8,2,3,10,153,10,87,146,523,433,1640,3,28,119,10,395,9,10,17,1,0,0,0,0,44,7,6,0,0,0,347,18,16,18,0,0,6.82,25000000
Aleksandar Mitrovic,Mitrovic,24,Attaccante,Punta centrale,FC Fulham,Inghilterra,Serbia,82406,52436,,15284.2,3320000,9620000,731300,1493,53,24,41,17,194,165,326,2570,338,45,188,85,132,62,165,55,544,159,251,19,7,2,0,0,0,27,14,1,0,0,0,269,105,29,11,2,1,7.06,25000000
David Luiz,David Luiz,31,Difensore,Difensore centrale,Chelsea FC,Inghilterra,Brasile,18471638,25090978,8754302,138042.2,61500000,48100000,704806,303275,532,435,125,204,198,571,1160,70200,1640,673,1650,1590,3760,6490,985,2240,2010,1830,1310,21,1,0,0,0,0,17,2,0,4,1,0,438,30,23,54,7,1,7.25,25000000
Marko Arnautovic,Arnautovic,29,Attaccante,Punta centrale,West Ham United,Inghilterra,Austria,244944,602756,,22564.2,2860000,3810000,543170,16251,478,772,152,74,9080,249,585,1090,682,91,601,126,2380,1500,67,5,1110,327,989,14,5,2,0,0,0,35,11,8,0,0,0,360,78,65,5,2,0,6.97,25000000
Arturo Vidal,Arturo Vidal,31,Centrocampista,Centrale,FC Barcellona,Spagna,Cile,8064479,2096246,4109978,285384.1,26700000,23900000,968559,86564,1040,1310,1070,263,167,783,332,344,431,753,7520,1420,374,333,330,860,1660,2330,1250,21,2,3,5,0,0,35,6,2,8,0,0,461,93,67,59,14,5,6.81,25000000
Sami Khedira,Khedira,31,Centrocampista,Centrale,Juventus FC,Italia,Germania,5108477,6663056,352212,109272,4700000,11100000,574768,108235,2330,3120,1580,1412,660,3170,201,247,451,2268,3840,1470,420,603,639,358,2500,433,1890,8,1,0,3,0,0,39,9,7,8,0,3,446,49,47,71,1,9,6.58,25000000
Edin Dzeko,Dzeko,32,Attaccante,Punta centrale,AS Roma,Italia,Bosnia-Erzegovina,1386548,1994556,1537324,62032.6,5530000,12500000,848010,109115,1082,885,227,3015,3420,5720,292,1150,931,597,1550,904,2090,1810,481,280,2880,709,1330,17,7,4,4,5,2,49,24,7,12,8,5,533,253,107,53,22,12,6.96,25000000
Luka Modric,Modric,33,Centrocampista,Centrale,Real Madrid CF,Spagna,Croazia,16413351,8119011,861716,1060361,39100000,43800000,3729809,783947,657,849,1050,743,1240,6320,865,1480,1770,3471,37600,3950,3510,6680,17700,5540,8990,8730,7630,23,1,4,4,0,1,43,2,8,11,1,1,509,52,91,74,5,9,6.87,25000000
Cesc Fàbregas,Fabregas,31,Centrocampista,Centrale,Chelsea FC,Inghilterra,Spagna,10345235,7044992,9739920,136255.4,5180000,18100000,1035506,206541,722,584,656,266,571,2080,1348,69400,1950,2609,1150,3310,6930,8230,1460,12400,6410,2810,1820,14,1,2,0,0,0,49,3,9,8,1,1,654,123,202,104,20,24,6.29,25000000
Danilo Pereira,Danilo Pereira,27,Centrocampista,Mediano,FC Porto,Portogallo,Portogallo,298375,,,16652.4,17600000,15800000,66636,1061,58,3,21,42,71,96,30,116,39,27,697,166,154,121,108,9,339,75,76,18,0,1,6,0,0,30,4,3,6,1,3,265,22,10,26,1,3,6.97,24000000
José Callejón,Callejon,31,Attaccante,Ala destra,SSC Napoli,Italia,Spagna,395728,,830724,23011.8,12900000,37300000,182964,7611,225,150,6,1520,722,2330,62,145,187,1649,794,1060,42,255,241,87,1430,171,548,20,0,8,6,0,3,50,12,17,6,1,1,459,106,95,35,11,7,6.9,24000000